id,op,buf_id,size,cache_type,cycles,predecessors,successors
0,ALLOC,0.0,256.0,L0C,0,[],"[9, 1144]"
1,ALLOC,1.0,256.0,L1,0,[],"[3, 1145]"
2,ALLOC,2.0,256.0,L1,0,[],"[4, 1146]"
3,COPY_IN,,,,581,[1],"[7, 209, 509, 809]"
4,COPY_IN,,,,581,[2],"[8, 63, 112, 161]"
5,ALLOC,3.0,128.0,L0A,0,[],"[7, 1147]"
6,ALLOC,4.0,128.0,L0B,0,[],"[8, 1148]"
7,MOVE,,,,31,"[3, 5]","[9, 1145]"
8,MOVE,,,,54,"[4, 6]","[9, 1146]"
9,MATMUL,,,,128,"[0, 7, 8]","[18, 1148, 1147]"
10,ALLOC,5.0,256.0,L1,0,[],"[12, 1149]"
11,ALLOC,6.0,256.0,L1,0,[],"[13, 1150]"
12,COPY_IN,,,,581,[10],"[16, 216, 516, 816]"
13,COPY_IN,,,,581,[11],"[17, 70, 119, 168]"
14,ALLOC,7.0,128.0,L0A,0,[],"[16, 1151]"
15,ALLOC,8.0,128.0,L0B,0,[],"[17, 1152]"
16,MOVE,,,,31,"[12, 14]","[18, 1149]"
17,MOVE,,,,54,"[13, 15]","[18, 1150]"
18,MATMUL,,,,128,"[9, 16, 17]","[21, 1152, 1151]"
19,ALLOC,9.0,128.0,UB,0,[],"[21, 1153]"
20,ALLOC,10.0,128.0,UB,0,[],"[22, 1154]"
21,COPY,,,,41,"[18, 19]","[22, 27, 1144]"
22,ROWMAX,,,,310,"[20, 21]","[25, 27]"
23,ALLOC,11.0,2.0,UB,0,[],"[25, 1155]"
24,ALLOC,12.0,16.0,UB,0,[],"[25, 1156]"
25,COMPACT,,,,113,"[22, 23, 24]","[236, 238, 1154, 1156]"
26,ALLOC,13.0,128.0,UB,0,[],"[27, 1157]"
27,SUB,,,,151,"[21, 22, 26]","[29, 1153, 1154]"
28,ALLOC,14.0,128.0,UB,0,[],"[29, 1158]"
29,EXP,,,,218,"[27, 28]","[31, 38, 1157]"
30,ALLOC,15.0,128.0,UB,0,[],"[31, 1159]"
31,ROWSUM,,,,342,"[29, 30]","[34, 1158]"
32,ALLOC,16.0,2.0,UB,0,[],"[34, 1160]"
33,ALLOC,17.0,16.0,UB,0,[],"[34, 1161]"
34,COMPACT,,,,113,"[31, 32, 33]","[248, 1159, 1161]"
35,ALLOC,18.0,256.0,L0C,0,[],"[44, 1162]"
36,ALLOC,19.0,256.0,L1,0,[],"[38, 1163]"
37,ALLOC,20.0,256.0,L1,0,[],"[39, 1164]"
38,COPY,,,,271,"[29, 36]","[42, 50, 1158]"
39,COPY_IN,,,,581,[37],"[43, 94, 143, 192]"
40,ALLOC,21.0,128.0,L0A,0,[],"[42, 1165]"
41,ALLOC,22.0,128.0,L0B,0,[],"[43, 1166]"
42,MOVE,,,,31,"[38, 40]","[44, 1163]"
43,MOVE,,,,54,"[39, 41]","[44, 1164]"
44,MATMUL,,,,128,"[35, 42, 43]","[54, 1166, 1165]"
45,ALLOC,23.0,256.0,L0C,0,[],"[52, 1167]"
46,ALLOC,24.0,256.0,L1,0,[],"[47, 1168]"
47,COPY_IN,,,,581,[46],"[51, 100, 149, 198]"
48,ALLOC,25.0,128.0,L0A,0,[],"[50, 1169]"
49,ALLOC,26.0,128.0,L0B,0,[],"[51, 1170]"
50,MOVE,,,,31,"[38, 48]","[52, 1163]"
51,MOVE,,,,54,"[47, 49]","[52, 1168]"
52,MATMUL,,,,128,"[45, 50, 51]","[56, 1170, 1169]"
53,ALLOC,27.0,128.0,UB,0,[],"[54, 1171]"
54,COPY,,,,41,"[44, 53]","[278, 1162]"
55,ALLOC,28.0,128.0,UB,0,[],"[56, 1172]"
56,COPY,,,,41,"[52, 55]","[280, 1167]"
57,ALLOC,29.0,256.0,L0C,0,[],"[64, 1173]"
58,ALLOC,30.0,256.0,L1,0,[],"[59, 1174]"
59,COPY_IN,,,,581,[58],"[62, 288, 588, 898]"
60,ALLOC,31.0,128.0,L0A,0,[],"[62, 1175]"
61,ALLOC,32.0,128.0,L0B,0,[],"[63, 1176]"
62,MOVE,,,,31,"[59, 60]","[64, 1174]"
63,MOVE,,,,54,"[4, 61]","[64, 1146]"
64,MATMUL,,,,128,"[57, 62, 63]","[71, 1176, 1175]"
65,ALLOC,33.0,256.0,L1,0,[],"[66, 1177]"
66,COPY_IN,,,,581,[65],"[69, 293, 593, 903]"
67,ALLOC,34.0,128.0,L0A,0,[],"[69, 1178]"
68,ALLOC,35.0,128.0,L0B,0,[],"[70, 1179]"
69,MOVE,,,,31,"[66, 67]","[71, 1177]"
70,MOVE,,,,54,"[13, 68]","[71, 1150]"
71,MATMUL,,,,128,"[64, 69, 70]","[74, 1179, 1178]"
72,ALLOC,36.0,128.0,UB,0,[],"[74, 1180]"
73,ALLOC,37.0,128.0,UB,0,[],"[75, 1181]"
74,COPY,,,,41,"[71, 72]","[75, 80, 1173]"
75,ROWMAX,,,,310,"[73, 74]","[78, 80]"
76,ALLOC,38.0,2.0,UB,0,[],"[78, 1182]"
77,ALLOC,39.0,16.0,UB,0,[],"[78, 1183]"
78,COMPACT,,,,113,"[75, 76, 77]","[313, 315, 1181, 1183]"
79,ALLOC,40.0,128.0,UB,0,[],"[80, 1184]"
80,SUB,,,,151,"[74, 75, 79]","[82, 1180, 1181]"
81,ALLOC,41.0,128.0,UB,0,[],"[82, 1185]"
82,EXP,,,,218,"[80, 81]","[84, 90, 1184]"
83,ALLOC,42.0,128.0,UB,0,[],"[84, 1186]"
84,ROWSUM,,,,342,"[82, 83]","[87, 1185]"
85,ALLOC,43.0,2.0,UB,0,[],"[87, 1187]"
86,ALLOC,44.0,16.0,UB,0,[],"[87, 1188]"
87,COMPACT,,,,113,"[84, 85, 86]","[325, 1186, 1188]"
88,ALLOC,45.0,256.0,L0C,0,[],"[95, 1189]"
89,ALLOC,46.0,256.0,L1,0,[],"[90, 1190]"
90,COPY,,,,271,"[82, 89]","[93, 99, 1185]"
91,ALLOC,47.0,128.0,L0A,0,[],"[93, 1191]"
92,ALLOC,48.0,128.0,L0B,0,[],"[94, 1192]"
93,MOVE,,,,31,"[90, 91]","[95, 1190]"
94,MOVE,,,,54,"[39, 92]","[95, 1164]"
95,MATMUL,,,,128,"[88, 93, 94]","[103, 1192, 1191]"
96,ALLOC,49.0,256.0,L0C,0,[],"[101, 1193]"
97,ALLOC,50.0,128.0,L0A,0,[],"[99, 1194]"
98,ALLOC,51.0,128.0,L0B,0,[],"[100, 1195]"
99,MOVE,,,,31,"[90, 97]","[101, 1190]"
100,MOVE,,,,54,"[47, 98]","[101, 1168]"
101,MATMUL,,,,128,"[96, 99, 100]","[105, 1195, 1194]"
102,ALLOC,52.0,128.0,UB,0,[],"[103, 1196]"
103,COPY,,,,41,"[95, 102]","[351, 1189]"
104,ALLOC,53.0,128.0,UB,0,[],"[105, 1197]"
105,COPY,,,,41,"[101, 104]","[353, 1193]"
106,ALLOC,54.0,256.0,L0C,0,[],"[113, 1198]"
107,ALLOC,55.0,256.0,L1,0,[],"[108, 1199]"
108,COPY_IN,,,,581,[107],"[111, 361, 661, 981]"
109,ALLOC,56.0,128.0,L0A,0,[],"[111, 1200]"
110,ALLOC,57.0,128.0,L0B,0,[],"[112, 1201]"
111,MOVE,,,,31,"[108, 109]","[113, 1199]"
112,MOVE,,,,54,"[4, 110]","[113, 1146]"
113,MATMUL,,,,128,"[106, 111, 112]","[120, 1201, 1200]"
114,ALLOC,58.0,256.0,L1,0,[],"[115, 1202]"
115,COPY_IN,,,,581,[114],"[118, 366, 666, 986]"
116,ALLOC,59.0,128.0,L0A,0,[],"[118, 1203]"
117,ALLOC,60.0,128.0,L0B,0,[],"[119, 1204]"
118,MOVE,,,,31,"[115, 116]","[120, 1202]"
119,MOVE,,,,54,"[13, 117]","[120, 1150]"
120,MATMUL,,,,128,"[113, 118, 119]","[123, 1204, 1203]"
121,ALLOC,61.0,128.0,UB,0,[],"[123, 1205]"
122,ALLOC,62.0,128.0,UB,0,[],"[124, 1206]"
123,COPY,,,,41,"[120, 121]","[124, 129, 1198]"
124,ROWMAX,,,,310,"[122, 123]","[127, 129]"
125,ALLOC,63.0,2.0,UB,0,[],"[127, 1207]"
126,ALLOC,64.0,16.0,UB,0,[],"[127, 1208]"
127,COMPACT,,,,113,"[124, 125, 126]","[386, 388, 1206, 1208]"
128,ALLOC,65.0,128.0,UB,0,[],"[129, 1209]"
129,SUB,,,,151,"[123, 124, 128]","[131, 1205, 1206]"
130,ALLOC,66.0,128.0,UB,0,[],"[131, 1210]"
131,EXP,,,,218,"[129, 130]","[133, 139, 1209]"
132,ALLOC,67.0,128.0,UB,0,[],"[133, 1211]"
133,ROWSUM,,,,342,"[131, 132]","[136, 1210]"
134,ALLOC,68.0,2.0,UB,0,[],"[136, 1212]"
135,ALLOC,69.0,16.0,UB,0,[],"[136, 1213]"
136,COMPACT,,,,113,"[133, 134, 135]","[398, 1211, 1213]"
137,ALLOC,70.0,256.0,L0C,0,[],"[144, 1214]"
138,ALLOC,71.0,256.0,L1,0,[],"[139, 1215]"
139,COPY,,,,271,"[131, 138]","[142, 148, 1210]"
140,ALLOC,72.0,128.0,L0A,0,[],"[142, 1216]"
141,ALLOC,73.0,128.0,L0B,0,[],"[143, 1217]"
142,MOVE,,,,31,"[139, 140]","[144, 1215]"
143,MOVE,,,,54,"[39, 141]","[144, 1164]"
144,MATMUL,,,,128,"[137, 142, 143]","[152, 1217, 1216]"
145,ALLOC,74.0,256.0,L0C,0,[],"[150, 1218]"
146,ALLOC,75.0,128.0,L0A,0,[],"[148, 1219]"
147,ALLOC,76.0,128.0,L0B,0,[],"[149, 1220]"
148,MOVE,,,,31,"[139, 146]","[150, 1215]"
149,MOVE,,,,54,"[47, 147]","[150, 1168]"
150,MATMUL,,,,128,"[145, 148, 149]","[154, 1220, 1219]"
151,ALLOC,77.0,128.0,UB,0,[],"[152, 1221]"
152,COPY,,,,41,"[144, 151]","[424, 1214]"
153,ALLOC,78.0,128.0,UB,0,[],"[154, 1222]"
154,COPY,,,,41,"[150, 153]","[426, 1218]"
155,ALLOC,79.0,256.0,L0C,0,[],"[162, 1223]"
156,ALLOC,80.0,256.0,L1,0,[],"[157, 1224]"
157,COPY_IN,,,,581,[156],"[160, 434, 734, 1064]"
158,ALLOC,81.0,128.0,L0A,0,[],"[160, 1225]"
159,ALLOC,82.0,128.0,L0B,0,[],"[161, 1226]"
160,MOVE,,,,31,"[157, 158]","[162, 1224]"
161,MOVE,,,,54,"[4, 159]","[162, 1146]"
162,MATMUL,,,,128,"[155, 160, 161]","[169, 1226, 1225]"
163,ALLOC,83.0,256.0,L1,0,[],"[164, 1227]"
164,COPY_IN,,,,581,[163],"[167, 439, 739, 1069]"
165,ALLOC,84.0,128.0,L0A,0,[],"[167, 1228]"
166,ALLOC,85.0,128.0,L0B,0,[],"[168, 1229]"
167,MOVE,,,,31,"[164, 165]","[169, 1227]"
168,MOVE,,,,54,"[13, 166]","[169, 1150]"
169,MATMUL,,,,128,"[162, 167, 168]","[172, 1229, 1228]"
170,ALLOC,86.0,128.0,UB,0,[],"[172, 1230]"
171,ALLOC,87.0,128.0,UB,0,[],"[173, 1231]"
172,COPY,,,,41,"[169, 170]","[173, 178, 1223]"
173,ROWMAX,,,,310,"[171, 172]","[176, 178]"
174,ALLOC,88.0,2.0,UB,0,[],"[176, 1232]"
175,ALLOC,89.0,16.0,UB,0,[],"[176, 1233]"
176,COMPACT,,,,113,"[173, 174, 175]","[459, 461, 1231, 1233]"
177,ALLOC,90.0,128.0,UB,0,[],"[178, 1234]"
178,SUB,,,,151,"[172, 173, 177]","[180, 1230, 1231]"
179,ALLOC,91.0,128.0,UB,0,[],"[180, 1235]"
180,EXP,,,,218,"[178, 179]","[182, 188, 1234]"
181,ALLOC,92.0,128.0,UB,0,[],"[182, 1236]"
182,ROWSUM,,,,342,"[180, 181]","[185, 1235]"
183,ALLOC,93.0,2.0,UB,0,[],"[185, 1237]"
184,ALLOC,94.0,16.0,UB,0,[],"[185, 1238]"
185,COMPACT,,,,113,"[182, 183, 184]","[471, 1236, 1238]"
186,ALLOC,95.0,256.0,L0C,0,[],"[193, 1239]"
187,ALLOC,96.0,256.0,L1,0,[],"[188, 1240]"
188,COPY,,,,271,"[180, 187]","[191, 197, 1235]"
189,ALLOC,97.0,128.0,L0A,0,[],"[191, 1241]"
190,ALLOC,98.0,128.0,L0B,0,[],"[192, 1242]"
191,MOVE,,,,31,"[188, 189]","[193, 1240]"
192,MOVE,,,,54,"[39, 190]","[193, 1164]"
193,MATMUL,,,,128,"[186, 191, 192]","[201, 1242, 1241]"
194,ALLOC,99.0,256.0,L0C,0,[],"[199, 1243]"
195,ALLOC,100.0,128.0,L0A,0,[],"[197, 1244]"
196,ALLOC,101.0,128.0,L0B,0,[],"[198, 1245]"
197,MOVE,,,,31,"[188, 195]","[199, 1240]"
198,MOVE,,,,54,"[47, 196]","[199, 1168]"
199,MATMUL,,,,128,"[194, 197, 198]","[203, 1245, 1244]"
200,ALLOC,102.0,128.0,UB,0,[],"[201, 1246]"
201,COPY,,,,41,"[193, 200]","[497, 1239]"
202,ALLOC,103.0,128.0,UB,0,[],"[203, 1247]"
203,COPY,,,,41,"[199, 202]","[499, 1243]"
204,ALLOC,104.0,256.0,L0C,0,[],"[211, 1248]"
205,ALLOC,105.0,256.0,L1,0,[],"[206, 1249]"
206,COPY_IN,,,,581,[205],"[210, 289, 362, 435]"
207,ALLOC,106.0,128.0,L0A,0,[],"[209, 1250]"
208,ALLOC,107.0,128.0,L0B,0,[],"[210, 1251]"
209,MOVE,,,,31,"[3, 207]","[211, 1145]"
210,MOVE,,,,54,"[206, 208]","[211, 1249]"
211,MATMUL,,,,128,"[204, 209, 210]","[218, 1251, 1250]"
212,ALLOC,108.0,256.0,L1,0,[],"[213, 1252]"
213,COPY_IN,,,,581,[212],"[217, 294, 367, 440]"
214,ALLOC,109.0,128.0,L0A,0,[],"[216, 1253]"
215,ALLOC,110.0,128.0,L0B,0,[],"[217, 1254]"
216,MOVE,,,,31,"[12, 214]","[218, 1149]"
217,MOVE,,,,54,"[213, 215]","[218, 1252]"
218,MATMUL,,,,128,"[211, 216, 217]","[221, 1254, 1253]"
219,ALLOC,111.0,128.0,UB,0,[],"[221, 1255]"
220,ALLOC,112.0,128.0,UB,0,[],"[222, 1256]"
221,COPY,,,,41,"[218, 219]","[222, 227, 1248]"
222,ROWMAX,,,,310,"[220, 221]","[225, 227]"
223,ALLOC,113.0,2.0,UB,0,[],"[225, 1257]"
224,ALLOC,114.0,16.0,UB,0,[],"[225, 1258]"
225,COMPACT,,,,113,"[222, 223, 224]","[236, 242, 1256, 1258]"
226,ALLOC,115.0,128.0,UB,0,[],"[227, 1259]"
227,SUB,,,,151,"[221, 222, 226]","[229, 1255, 1256]"
228,ALLOC,116.0,128.0,UB,0,[],"[229, 1260]"
229,EXP,,,,218,"[227, 228]","[231, 254, 1259]"
230,ALLOC,117.0,128.0,UB,0,[],"[231, 1261]"
231,ROWSUM,,,,342,"[229, 230]","[234, 1260]"
232,ALLOC,118.0,2.0,UB,0,[],"[234, 1262]"
233,ALLOC,119.0,16.0,UB,0,[],"[234, 1263]"
234,COMPACT,,,,113,"[231, 232, 233]","[246, 1261, 1263]"
235,ALLOC,120.0,2.0,UB,0,[],"[236, 1264]"
236,MAX,,,,23,"[25, 225, 235]","[238, 242, 536, 538]"
237,ALLOC,121.0,2.0,UB,0,[],"[238, 1265]"
238,SUB,,,,24,"[25, 236, 237]","[240, 1155, 1264]"
239,ALLOC,122.0,2.0,UB,0,[],"[240, 1266]"
240,EXP,,,,31,"[238, 239]","[248, 278, 280, 1265]"
241,ALLOC,123.0,2.0,UB,0,[],"[242, 1267]"
242,SUB,,,,24,"[225, 236, 241]","[244, 1257, 1264]"
243,ALLOC,124.0,2.0,UB,0,[],"[244, 1268]"
244,EXP,,,,31,"[242, 243]","[246, 272, 276, 1267]"
245,ALLOC,125.0,2.0,UB,0,[],"[246, 1269]"
246,MUL,,,,25,"[234, 244, 245]","[250, 1268, 1262]"
247,ALLOC,126.0,2.0,UB,0,[],"[248, 1270]"
248,MUL,,,,25,"[34, 240, 247]","[250, 1266, 1160]"
249,ALLOC,127.0,2.0,UB,0,[],"[250, 1271]"
250,ADD,,,,24,"[246, 248, 249]","[548, 1270, 1269]"
251,ALLOC,128.0,256.0,L0C,0,[],"[260, 1272]"
252,ALLOC,129.0,256.0,L1,0,[],"[254, 1273]"
253,ALLOC,130.0,256.0,L1,0,[],"[255, 1274]"
254,COPY,,,,271,"[229, 252]","[258, 266, 1260]"
255,COPY_IN,,,,581,[253],"[259, 334, 407, 480]"
256,ALLOC,131.0,128.0,L0A,0,[],"[258, 1275]"
257,ALLOC,132.0,128.0,L0B,0,[],"[259, 1276]"
258,MOVE,,,,31,"[254, 256]","[260, 1273]"
259,MOVE,,,,54,"[255, 257]","[260, 1274]"
260,MATMUL,,,,128,"[251, 258, 259]","[271, 1276, 1275]"
261,ALLOC,133.0,256.0,L0C,0,[],"[268, 1277]"
262,ALLOC,134.0,256.0,L1,0,[],"[263, 1278]"
263,COPY_IN,,,,581,[262],"[267, 340, 413, 486]"
264,ALLOC,135.0,128.0,L0A,0,[],"[266, 1279]"
265,ALLOC,136.0,128.0,L0B,0,[],"[267, 1280]"
266,MOVE,,,,31,"[254, 264]","[268, 1273]"
267,MOVE,,,,54,"[263, 265]","[268, 1278]"
268,MATMUL,,,,128,"[261, 266, 267]","[275, 1280, 1279]"
269,ALLOC,137.0,128.0,UB,0,[],"[271, 1281]"
270,ALLOC,138.0,128.0,UB,0,[],"[272, 1282]"
271,COPY,,,,41,"[260, 269]","[272, 1272]"
272,MUL,,,,38,"[244, 270, 271]","[282, 1281, 1268]"
273,ALLOC,139.0,128.0,UB,0,[],"[275, 1283]"
274,ALLOC,140.0,128.0,UB,0,[],"[276, 1284]"
275,COPY,,,,41,"[268, 273]","[276, 1277]"
276,MUL,,,,38,"[244, 274, 275]","[284, 1283, 1268]"
277,ALLOC,141.0,128.0,UB,0,[],"[278, 1285]"
278,MUL,,,,38,"[54, 240, 277]","[282, 1171, 1266]"
279,ALLOC,142.0,128.0,UB,0,[],"[280, 1286]"
280,MUL,,,,38,"[56, 240, 279]","[284, 1172, 1266]"
281,ALLOC,143.0,128.0,UB,0,[],"[282, 1287]"
282,ADD,,,,37,"[272, 278, 281]","[578, 1285, 1282]"
283,ALLOC,144.0,128.0,UB,0,[],"[284, 1288]"
284,ADD,,,,37,"[276, 280, 283]","[580, 1286, 1284]"
285,ALLOC,145.0,256.0,L0C,0,[],"[290, 1289]"
286,ALLOC,146.0,128.0,L0A,0,[],"[288, 1290]"
287,ALLOC,147.0,128.0,L0B,0,[],"[289, 1291]"
288,MOVE,,,,31,"[59, 286]","[290, 1174]"
289,MOVE,,,,54,"[206, 287]","[290, 1249]"
290,MATMUL,,,,128,"[285, 288, 289]","[295, 1291, 1290]"
291,ALLOC,148.0,128.0,L0A,0,[],"[293, 1292]"
292,ALLOC,149.0,128.0,L0B,0,[],"[294, 1293]"
293,MOVE,,,,31,"[66, 291]","[295, 1177]"
294,MOVE,,,,54,"[213, 292]","[295, 1252]"
295,MATMUL,,,,128,"[290, 293, 294]","[298, 1293, 1292]"
296,ALLOC,150.0,128.0,UB,0,[],"[298, 1294]"
297,ALLOC,151.0,128.0,UB,0,[],"[299, 1295]"
298,COPY,,,,41,"[295, 296]","[299, 304, 1289]"
299,ROWMAX,,,,310,"[297, 298]","[302, 304]"
300,ALLOC,152.0,2.0,UB,0,[],"[302, 1296]"
301,ALLOC,153.0,16.0,UB,0,[],"[302, 1297]"
302,COMPACT,,,,113,"[299, 300, 301]","[313, 319, 1295, 1297]"
303,ALLOC,154.0,128.0,UB,0,[],"[304, 1298]"
304,SUB,,,,151,"[298, 299, 303]","[306, 1294, 1295]"
305,ALLOC,155.0,128.0,UB,0,[],"[306, 1299]"
306,EXP,,,,218,"[304, 305]","[308, 330, 1298]"
307,ALLOC,156.0,128.0,UB,0,[],"[308, 1300]"
308,ROWSUM,,,,342,"[306, 307]","[311, 1299]"
309,ALLOC,157.0,2.0,UB,0,[],"[311, 1301]"
310,ALLOC,158.0,16.0,UB,0,[],"[311, 1302]"
311,COMPACT,,,,113,"[308, 309, 310]","[323, 1300, 1302]"
312,ALLOC,159.0,2.0,UB,0,[],"[313, 1303]"
313,MAX,,,,23,"[78, 302, 312]","[315, 319, 613, 615]"
314,ALLOC,160.0,2.0,UB,0,[],"[315, 1304]"
315,SUB,,,,24,"[78, 313, 314]","[317, 1182, 1303]"
316,ALLOC,161.0,2.0,UB,0,[],"[317, 1305]"
317,EXP,,,,31,"[315, 316]","[325, 351, 353, 1304]"
318,ALLOC,162.0,2.0,UB,0,[],"[319, 1306]"
319,SUB,,,,24,"[302, 313, 318]","[321, 1296, 1303]"
320,ALLOC,163.0,2.0,UB,0,[],"[321, 1307]"
321,EXP,,,,31,"[319, 320]","[323, 345, 349, 1306]"
322,ALLOC,164.0,2.0,UB,0,[],"[323, 1308]"
323,MUL,,,,25,"[311, 321, 322]","[327, 1307, 1301]"
324,ALLOC,165.0,2.0,UB,0,[],"[325, 1309]"
325,MUL,,,,25,"[87, 317, 324]","[327, 1305, 1187]"
326,ALLOC,166.0,2.0,UB,0,[],"[327, 1310]"
327,ADD,,,,24,"[323, 325, 326]","[625, 1309, 1308]"
328,ALLOC,167.0,256.0,L0C,0,[],"[335, 1311]"
329,ALLOC,168.0,256.0,L1,0,[],"[330, 1312]"
330,COPY,,,,271,"[306, 329]","[333, 339, 1299]"
331,ALLOC,169.0,128.0,L0A,0,[],"[333, 1313]"
332,ALLOC,170.0,128.0,L0B,0,[],"[334, 1314]"
333,MOVE,,,,31,"[330, 331]","[335, 1312]"
334,MOVE,,,,54,"[255, 332]","[335, 1274]"
335,MATMUL,,,,128,"[328, 333, 334]","[344, 1314, 1313]"
336,ALLOC,171.0,256.0,L0C,0,[],"[341, 1315]"
337,ALLOC,172.0,128.0,L0A,0,[],"[339, 1316]"
338,ALLOC,173.0,128.0,L0B,0,[],"[340, 1317]"
339,MOVE,,,,31,"[330, 337]","[341, 1312]"
340,MOVE,,,,54,"[263, 338]","[341, 1278]"
341,MATMUL,,,,128,"[336, 339, 340]","[348, 1317, 1316]"
342,ALLOC,174.0,128.0,UB,0,[],"[344, 1318]"
343,ALLOC,175.0,128.0,UB,0,[],"[345, 1319]"
344,COPY,,,,41,"[335, 342]","[345, 1311]"
345,MUL,,,,38,"[321, 343, 344]","[355, 1318, 1307]"
346,ALLOC,176.0,128.0,UB,0,[],"[348, 1320]"
347,ALLOC,177.0,128.0,UB,0,[],"[349, 1321]"
348,COPY,,,,41,"[341, 346]","[349, 1315]"
349,MUL,,,,38,"[321, 347, 348]","[357, 1320, 1307]"
350,ALLOC,178.0,128.0,UB,0,[],"[351, 1322]"
351,MUL,,,,38,"[103, 317, 350]","[355, 1196, 1305]"
352,ALLOC,179.0,128.0,UB,0,[],"[353, 1323]"
353,MUL,,,,38,"[105, 317, 352]","[357, 1197, 1305]"
354,ALLOC,180.0,128.0,UB,0,[],"[355, 1324]"
355,ADD,,,,37,"[345, 351, 354]","[651, 1322, 1319]"
356,ALLOC,181.0,128.0,UB,0,[],"[357, 1325]"
357,ADD,,,,37,"[349, 353, 356]","[653, 1323, 1321]"
358,ALLOC,182.0,256.0,L0C,0,[],"[363, 1326]"
359,ALLOC,183.0,128.0,L0A,0,[],"[361, 1327]"
360,ALLOC,184.0,128.0,L0B,0,[],"[362, 1328]"
361,MOVE,,,,31,"[108, 359]","[363, 1199]"
362,MOVE,,,,54,"[206, 360]","[363, 1249]"
363,MATMUL,,,,128,"[358, 361, 362]","[368, 1328, 1327]"
364,ALLOC,185.0,128.0,L0A,0,[],"[366, 1329]"
365,ALLOC,186.0,128.0,L0B,0,[],"[367, 1330]"
366,MOVE,,,,31,"[115, 364]","[368, 1202]"
367,MOVE,,,,54,"[213, 365]","[368, 1252]"
368,MATMUL,,,,128,"[363, 366, 367]","[371, 1330, 1329]"
369,ALLOC,187.0,128.0,UB,0,[],"[371, 1331]"
370,ALLOC,188.0,128.0,UB,0,[],"[372, 1332]"
371,COPY,,,,41,"[368, 369]","[372, 377, 1326]"
372,ROWMAX,,,,310,"[370, 371]","[375, 377]"
373,ALLOC,189.0,2.0,UB,0,[],"[375, 1333]"
374,ALLOC,190.0,16.0,UB,0,[],"[375, 1334]"
375,COMPACT,,,,113,"[372, 373, 374]","[386, 392, 1332, 1334]"
376,ALLOC,191.0,128.0,UB,0,[],"[377, 1335]"
377,SUB,,,,151,"[371, 372, 376]","[379, 1331, 1332]"
378,ALLOC,192.0,128.0,UB,0,[],"[379, 1336]"
379,EXP,,,,218,"[377, 378]","[381, 403, 1335]"
380,ALLOC,193.0,128.0,UB,0,[],"[381, 1337]"
381,ROWSUM,,,,342,"[379, 380]","[384, 1336]"
382,ALLOC,194.0,2.0,UB,0,[],"[384, 1338]"
383,ALLOC,195.0,16.0,UB,0,[],"[384, 1339]"
384,COMPACT,,,,113,"[381, 382, 383]","[396, 1337, 1339]"
385,ALLOC,196.0,2.0,UB,0,[],"[386, 1340]"
386,MAX,,,,23,"[127, 375, 385]","[388, 392, 686, 688]"
387,ALLOC,197.0,2.0,UB,0,[],"[388, 1341]"
388,SUB,,,,24,"[127, 386, 387]","[390, 1207, 1340]"
389,ALLOC,198.0,2.0,UB,0,[],"[390, 1342]"
390,EXP,,,,31,"[388, 389]","[398, 424, 426, 1341]"
391,ALLOC,199.0,2.0,UB,0,[],"[392, 1343]"
392,SUB,,,,24,"[375, 386, 391]","[394, 1333, 1340]"
393,ALLOC,200.0,2.0,UB,0,[],"[394, 1344]"
394,EXP,,,,31,"[392, 393]","[396, 418, 422, 1343]"
395,ALLOC,201.0,2.0,UB,0,[],"[396, 1345]"
396,MUL,,,,25,"[384, 394, 395]","[400, 1344, 1338]"
397,ALLOC,202.0,2.0,UB,0,[],"[398, 1346]"
398,MUL,,,,25,"[136, 390, 397]","[400, 1342, 1212]"
399,ALLOC,203.0,2.0,UB,0,[],"[400, 1347]"
400,ADD,,,,24,"[396, 398, 399]","[698, 1346, 1345]"
401,ALLOC,204.0,256.0,L0C,0,[],"[408, 1348]"
402,ALLOC,205.0,256.0,L1,0,[],"[403, 1349]"
403,COPY,,,,271,"[379, 402]","[406, 412, 1336]"
404,ALLOC,206.0,128.0,L0A,0,[],"[406, 1350]"
405,ALLOC,207.0,128.0,L0B,0,[],"[407, 1351]"
406,MOVE,,,,31,"[403, 404]","[408, 1349]"
407,MOVE,,,,54,"[255, 405]","[408, 1274]"
408,MATMUL,,,,128,"[401, 406, 407]","[417, 1351, 1350]"
409,ALLOC,208.0,256.0,L0C,0,[],"[414, 1352]"
410,ALLOC,209.0,128.0,L0A,0,[],"[412, 1353]"
411,ALLOC,210.0,128.0,L0B,0,[],"[413, 1354]"
412,MOVE,,,,31,"[403, 410]","[414, 1349]"
413,MOVE,,,,54,"[263, 411]","[414, 1278]"
414,MATMUL,,,,128,"[409, 412, 413]","[421, 1354, 1353]"
415,ALLOC,211.0,128.0,UB,0,[],"[417, 1355]"
416,ALLOC,212.0,128.0,UB,0,[],"[418, 1356]"
417,COPY,,,,41,"[408, 415]","[418, 1348]"
418,MUL,,,,38,"[394, 416, 417]","[428, 1355, 1344]"
419,ALLOC,213.0,128.0,UB,0,[],"[421, 1357]"
420,ALLOC,214.0,128.0,UB,0,[],"[422, 1358]"
421,COPY,,,,41,"[414, 419]","[422, 1352]"
422,MUL,,,,38,"[394, 420, 421]","[430, 1357, 1344]"
423,ALLOC,215.0,128.0,UB,0,[],"[424, 1359]"
424,MUL,,,,38,"[152, 390, 423]","[428, 1221, 1342]"
425,ALLOC,216.0,128.0,UB,0,[],"[426, 1360]"
426,MUL,,,,38,"[154, 390, 425]","[430, 1222, 1342]"
427,ALLOC,217.0,128.0,UB,0,[],"[428, 1361]"
428,ADD,,,,37,"[418, 424, 427]","[724, 1359, 1356]"
429,ALLOC,218.0,128.0,UB,0,[],"[430, 1362]"
430,ADD,,,,37,"[422, 426, 429]","[726, 1360, 1358]"
431,ALLOC,219.0,256.0,L0C,0,[],"[436, 1363]"
432,ALLOC,220.0,128.0,L0A,0,[],"[434, 1364]"
433,ALLOC,221.0,128.0,L0B,0,[],"[435, 1365]"
434,MOVE,,,,31,"[157, 432]","[436, 1224]"
435,MOVE,,,,54,"[206, 433]","[436, 1249]"
436,MATMUL,,,,128,"[431, 434, 435]","[441, 1365, 1364]"
437,ALLOC,222.0,128.0,L0A,0,[],"[439, 1366]"
438,ALLOC,223.0,128.0,L0B,0,[],"[440, 1367]"
439,MOVE,,,,31,"[164, 437]","[441, 1227]"
440,MOVE,,,,54,"[213, 438]","[441, 1252]"
441,MATMUL,,,,128,"[436, 439, 440]","[444, 1367, 1366]"
442,ALLOC,224.0,128.0,UB,0,[],"[444, 1368]"
443,ALLOC,225.0,128.0,UB,0,[],"[445, 1369]"
444,COPY,,,,41,"[441, 442]","[445, 450, 1363]"
445,ROWMAX,,,,310,"[443, 444]","[448, 450]"
446,ALLOC,226.0,2.0,UB,0,[],"[448, 1370]"
447,ALLOC,227.0,16.0,UB,0,[],"[448, 1371]"
448,COMPACT,,,,113,"[445, 446, 447]","[459, 465, 1369, 1371]"
449,ALLOC,228.0,128.0,UB,0,[],"[450, 1372]"
450,SUB,,,,151,"[444, 445, 449]","[452, 1368, 1369]"
451,ALLOC,229.0,128.0,UB,0,[],"[452, 1373]"
452,EXP,,,,218,"[450, 451]","[454, 476, 1372]"
453,ALLOC,230.0,128.0,UB,0,[],"[454, 1374]"
454,ROWSUM,,,,342,"[452, 453]","[457, 1373]"
455,ALLOC,231.0,2.0,UB,0,[],"[457, 1375]"
456,ALLOC,232.0,16.0,UB,0,[],"[457, 1376]"
457,COMPACT,,,,113,"[454, 455, 456]","[469, 1374, 1376]"
458,ALLOC,233.0,2.0,UB,0,[],"[459, 1377]"
459,MAX,,,,23,"[176, 448, 458]","[461, 465, 759, 761]"
460,ALLOC,234.0,2.0,UB,0,[],"[461, 1378]"
461,SUB,,,,24,"[176, 459, 460]","[463, 1232, 1377]"
462,ALLOC,235.0,2.0,UB,0,[],"[463, 1379]"
463,EXP,,,,31,"[461, 462]","[471, 497, 499, 1378]"
464,ALLOC,236.0,2.0,UB,0,[],"[465, 1380]"
465,SUB,,,,24,"[448, 459, 464]","[467, 1370, 1377]"
466,ALLOC,237.0,2.0,UB,0,[],"[467, 1381]"
467,EXP,,,,31,"[465, 466]","[469, 491, 495, 1380]"
468,ALLOC,238.0,2.0,UB,0,[],"[469, 1382]"
469,MUL,,,,25,"[457, 467, 468]","[473, 1381, 1375]"
470,ALLOC,239.0,2.0,UB,0,[],"[471, 1383]"
471,MUL,,,,25,"[185, 463, 470]","[473, 1379, 1237]"
472,ALLOC,240.0,2.0,UB,0,[],"[473, 1384]"
473,ADD,,,,24,"[469, 471, 472]","[771, 1383, 1382]"
474,ALLOC,241.0,256.0,L0C,0,[],"[481, 1385]"
475,ALLOC,242.0,256.0,L1,0,[],"[476, 1386]"
476,COPY,,,,271,"[452, 475]","[479, 485, 1373]"
477,ALLOC,243.0,128.0,L0A,0,[],"[479, 1387]"
478,ALLOC,244.0,128.0,L0B,0,[],"[480, 1388]"
479,MOVE,,,,31,"[476, 477]","[481, 1386]"
480,MOVE,,,,54,"[255, 478]","[481, 1274]"
481,MATMUL,,,,128,"[474, 479, 480]","[490, 1388, 1387]"
482,ALLOC,245.0,256.0,L0C,0,[],"[487, 1389]"
483,ALLOC,246.0,128.0,L0A,0,[],"[485, 1390]"
484,ALLOC,247.0,128.0,L0B,0,[],"[486, 1391]"
485,MOVE,,,,31,"[476, 483]","[487, 1386]"
486,MOVE,,,,54,"[263, 484]","[487, 1278]"
487,MATMUL,,,,128,"[482, 485, 486]","[494, 1391, 1390]"
488,ALLOC,248.0,128.0,UB,0,[],"[490, 1392]"
489,ALLOC,249.0,128.0,UB,0,[],"[491, 1393]"
490,COPY,,,,41,"[481, 488]","[491, 1385]"
491,MUL,,,,38,"[467, 489, 490]","[501, 1392, 1381]"
492,ALLOC,250.0,128.0,UB,0,[],"[494, 1394]"
493,ALLOC,251.0,128.0,UB,0,[],"[495, 1395]"
494,COPY,,,,41,"[487, 492]","[495, 1389]"
495,MUL,,,,38,"[467, 493, 494]","[503, 1394, 1381]"
496,ALLOC,252.0,128.0,UB,0,[],"[497, 1396]"
497,MUL,,,,38,"[201, 463, 496]","[501, 1246, 1379]"
498,ALLOC,253.0,128.0,UB,0,[],"[499, 1397]"
499,MUL,,,,38,"[203, 463, 498]","[503, 1247, 1379]"
500,ALLOC,254.0,128.0,UB,0,[],"[501, 1398]"
501,ADD,,,,37,"[491, 497, 500]","[797, 1396, 1393]"
502,ALLOC,255.0,128.0,UB,0,[],"[503, 1399]"
503,ADD,,,,37,"[495, 499, 502]","[799, 1397, 1395]"
504,ALLOC,256.0,256.0,L0C,0,[],"[511, 1400]"
505,ALLOC,257.0,256.0,L1,0,[],"[506, 1401]"
506,COPY_IN,,,,581,[505],"[510, 589, 662, 735]"
507,ALLOC,258.0,128.0,L0A,0,[],"[509, 1402]"
508,ALLOC,259.0,128.0,L0B,0,[],"[510, 1403]"
509,MOVE,,,,31,"[3, 507]","[511, 1145]"
510,MOVE,,,,54,"[506, 508]","[511, 1401]"
511,MATMUL,,,,128,"[504, 509, 510]","[518, 1403, 1402]"
512,ALLOC,260.0,256.0,L1,0,[],"[513, 1404]"
513,COPY_IN,,,,581,[512],"[517, 594, 667, 740]"
514,ALLOC,261.0,128.0,L0A,0,[],"[516, 1405]"
515,ALLOC,262.0,128.0,L0B,0,[],"[517, 1406]"
516,MOVE,,,,31,"[12, 514]","[518, 1149]"
517,MOVE,,,,54,"[513, 515]","[518, 1404]"
518,MATMUL,,,,128,"[511, 516, 517]","[521, 1406, 1405]"
519,ALLOC,263.0,128.0,UB,0,[],"[521, 1407]"
520,ALLOC,264.0,128.0,UB,0,[],"[522, 1408]"
521,COPY,,,,41,"[518, 519]","[522, 527, 1400]"
522,ROWMAX,,,,310,"[520, 521]","[525, 527]"
523,ALLOC,265.0,2.0,UB,0,[],"[525, 1409]"
524,ALLOC,266.0,16.0,UB,0,[],"[525, 1410]"
525,COMPACT,,,,113,"[522, 523, 524]","[536, 542, 1408, 1410]"
526,ALLOC,267.0,128.0,UB,0,[],"[527, 1411]"
527,SUB,,,,151,"[521, 522, 526]","[529, 1407, 1408]"
528,ALLOC,268.0,128.0,UB,0,[],"[529, 1412]"
529,EXP,,,,218,"[527, 528]","[531, 554, 1411]"
530,ALLOC,269.0,128.0,UB,0,[],"[531, 1413]"
531,ROWSUM,,,,342,"[529, 530]","[534, 1412]"
532,ALLOC,270.0,2.0,UB,0,[],"[534, 1414]"
533,ALLOC,271.0,16.0,UB,0,[],"[534, 1415]"
534,COMPACT,,,,113,"[531, 532, 533]","[546, 1413, 1415]"
535,ALLOC,272.0,2.0,UB,0,[],"[536, 1416]"
536,MAX,,,,23,"[236, 525, 535]","[538, 542, 836, 838]"
537,ALLOC,273.0,2.0,UB,0,[],"[538, 1417]"
538,SUB,,,,24,"[236, 536, 537]","[540, 1264, 1416]"
539,ALLOC,274.0,2.0,UB,0,[],"[540, 1418]"
540,EXP,,,,31,"[538, 539]","[548, 578, 580, 1417]"
541,ALLOC,275.0,2.0,UB,0,[],"[542, 1419]"
542,SUB,,,,24,"[525, 536, 541]","[544, 1409, 1416]"
543,ALLOC,276.0,2.0,UB,0,[],"[544, 1420]"
544,EXP,,,,31,"[542, 543]","[546, 572, 576, 1419]"
545,ALLOC,277.0,2.0,UB,0,[],"[546, 1421]"
546,MUL,,,,25,"[534, 544, 545]","[550, 1420, 1414]"
547,ALLOC,278.0,2.0,UB,0,[],"[548, 1422]"
548,MUL,,,,25,"[250, 540, 547]","[550, 1418, 1271]"
549,ALLOC,279.0,2.0,UB,0,[],"[550, 1423]"
550,ADD,,,,24,"[546, 548, 549]","[848, 1422, 1421]"
551,ALLOC,280.0,256.0,L0C,0,[],"[560, 1424]"
552,ALLOC,281.0,256.0,L1,0,[],"[554, 1425]"
553,ALLOC,282.0,256.0,L1,0,[],"[555, 1426]"
554,COPY,,,,271,"[529, 552]","[558, 566, 1412]"
555,COPY_IN,,,,581,[553],"[559, 634, 707, 780]"
556,ALLOC,283.0,128.0,L0A,0,[],"[558, 1427]"
557,ALLOC,284.0,128.0,L0B,0,[],"[559, 1428]"
558,MOVE,,,,31,"[554, 556]","[560, 1425]"
559,MOVE,,,,54,"[555, 557]","[560, 1426]"
560,MATMUL,,,,128,"[551, 558, 559]","[571, 1428, 1427]"
561,ALLOC,285.0,256.0,L0C,0,[],"[568, 1429]"
562,ALLOC,286.0,256.0,L1,0,[],"[563, 1430]"
563,COPY_IN,,,,581,[562],"[567, 640, 713, 786]"
564,ALLOC,287.0,128.0,L0A,0,[],"[566, 1431]"
565,ALLOC,288.0,128.0,L0B,0,[],"[567, 1432]"
566,MOVE,,,,31,"[554, 564]","[568, 1425]"
567,MOVE,,,,54,"[563, 565]","[568, 1430]"
568,MATMUL,,,,128,"[561, 566, 567]","[575, 1432, 1431]"
569,ALLOC,289.0,128.0,UB,0,[],"[571, 1433]"
570,ALLOC,290.0,128.0,UB,0,[],"[572, 1434]"
571,COPY,,,,41,"[560, 569]","[572, 1424]"
572,MUL,,,,38,"[544, 570, 571]","[582, 1433, 1420]"
573,ALLOC,291.0,128.0,UB,0,[],"[575, 1435]"
574,ALLOC,292.0,128.0,UB,0,[],"[576, 1436]"
575,COPY,,,,41,"[568, 573]","[576, 1429]"
576,MUL,,,,38,"[544, 574, 575]","[584, 1435, 1420]"
577,ALLOC,293.0,128.0,UB,0,[],"[578, 1437]"
578,MUL,,,,38,"[282, 540, 577]","[582, 1287, 1418]"
579,ALLOC,294.0,128.0,UB,0,[],"[580, 1438]"
580,MUL,,,,38,"[284, 540, 579]","[584, 1288, 1418]"
581,ALLOC,295.0,128.0,UB,0,[],"[582, 1439]"
582,ADD,,,,37,"[572, 578, 581]","[878, 1437, 1434]"
583,ALLOC,296.0,128.0,UB,0,[],"[584, 1440]"
584,ADD,,,,37,"[576, 580, 583]","[880, 1438, 1436]"
585,ALLOC,297.0,256.0,L0C,0,[],"[590, 1441]"
586,ALLOC,298.0,128.0,L0A,0,[],"[588, 1442]"
587,ALLOC,299.0,128.0,L0B,0,[],"[589, 1443]"
588,MOVE,,,,31,"[59, 586]","[590, 1174]"
589,MOVE,,,,54,"[506, 587]","[590, 1401]"
590,MATMUL,,,,128,"[585, 588, 589]","[595, 1443, 1442]"
591,ALLOC,300.0,128.0,L0A,0,[],"[593, 1444]"
592,ALLOC,301.0,128.0,L0B,0,[],"[594, 1445]"
593,MOVE,,,,31,"[66, 591]","[595, 1177]"
594,MOVE,,,,54,"[513, 592]","[595, 1404]"
595,MATMUL,,,,128,"[590, 593, 594]","[598, 1445, 1444]"
596,ALLOC,302.0,128.0,UB,0,[],"[598, 1446]"
597,ALLOC,303.0,128.0,UB,0,[],"[599, 1447]"
598,COPY,,,,41,"[595, 596]","[599, 604, 1441]"
599,ROWMAX,,,,310,"[597, 598]","[602, 604]"
600,ALLOC,304.0,2.0,UB,0,[],"[602, 1448]"
601,ALLOC,305.0,16.0,UB,0,[],"[602, 1449]"
602,COMPACT,,,,113,"[599, 600, 601]","[613, 619, 1447, 1449]"
603,ALLOC,306.0,128.0,UB,0,[],"[604, 1450]"
604,SUB,,,,151,"[598, 599, 603]","[606, 1446, 1447]"
605,ALLOC,307.0,128.0,UB,0,[],"[606, 1451]"
606,EXP,,,,218,"[604, 605]","[608, 630, 1450]"
607,ALLOC,308.0,128.0,UB,0,[],"[608, 1452]"
608,ROWSUM,,,,342,"[606, 607]","[611, 1451]"
609,ALLOC,309.0,2.0,UB,0,[],"[611, 1453]"
610,ALLOC,310.0,16.0,UB,0,[],"[611, 1454]"
611,COMPACT,,,,113,"[608, 609, 610]","[623, 1452, 1454]"
612,ALLOC,311.0,2.0,UB,0,[],"[613, 1455]"
613,MAX,,,,23,"[313, 602, 612]","[615, 619, 923, 925]"
614,ALLOC,312.0,2.0,UB,0,[],"[615, 1456]"
615,SUB,,,,24,"[313, 613, 614]","[617, 1303, 1455]"
616,ALLOC,313.0,2.0,UB,0,[],"[617, 1457]"
617,EXP,,,,31,"[615, 616]","[625, 651, 653, 1456]"
618,ALLOC,314.0,2.0,UB,0,[],"[619, 1458]"
619,SUB,,,,24,"[602, 613, 618]","[621, 1448, 1455]"
620,ALLOC,315.0,2.0,UB,0,[],"[621, 1459]"
621,EXP,,,,31,"[619, 620]","[623, 645, 649, 1458]"
622,ALLOC,316.0,2.0,UB,0,[],"[623, 1460]"
623,MUL,,,,25,"[611, 621, 622]","[627, 1459, 1453]"
624,ALLOC,317.0,2.0,UB,0,[],"[625, 1461]"
625,MUL,,,,25,"[327, 617, 624]","[627, 1457, 1310]"
626,ALLOC,318.0,2.0,UB,0,[],"[627, 1462]"
627,ADD,,,,24,"[623, 625, 626]","[935, 1461, 1460]"
628,ALLOC,319.0,256.0,L0C,0,[],"[635, 1463]"
629,ALLOC,320.0,256.0,L1,0,[],"[630, 1464]"
630,COPY,,,,271,"[606, 629]","[633, 639, 1451]"
631,ALLOC,321.0,128.0,L0A,0,[],"[633, 1465]"
632,ALLOC,322.0,128.0,L0B,0,[],"[634, 1466]"
633,MOVE,,,,31,"[630, 631]","[635, 1464]"
634,MOVE,,,,54,"[555, 632]","[635, 1426]"
635,MATMUL,,,,128,"[628, 633, 634]","[644, 1466, 1465]"
636,ALLOC,323.0,256.0,L0C,0,[],"[641, 1467]"
637,ALLOC,324.0,128.0,L0A,0,[],"[639, 1468]"
638,ALLOC,325.0,128.0,L0B,0,[],"[640, 1469]"
639,MOVE,,,,31,"[630, 637]","[641, 1464]"
640,MOVE,,,,54,"[563, 638]","[641, 1430]"
641,MATMUL,,,,128,"[636, 639, 640]","[648, 1469, 1468]"
642,ALLOC,326.0,128.0,UB,0,[],"[644, 1470]"
643,ALLOC,327.0,128.0,UB,0,[],"[645, 1471]"
644,COPY,,,,41,"[635, 642]","[645, 1463]"
645,MUL,,,,38,"[621, 643, 644]","[655, 1470, 1459]"
646,ALLOC,328.0,128.0,UB,0,[],"[648, 1472]"
647,ALLOC,329.0,128.0,UB,0,[],"[649, 1473]"
648,COPY,,,,41,"[641, 646]","[649, 1467]"
649,MUL,,,,38,"[621, 647, 648]","[657, 1472, 1459]"
650,ALLOC,330.0,128.0,UB,0,[],"[651, 1474]"
651,MUL,,,,38,"[355, 617, 650]","[655, 1324, 1457]"
652,ALLOC,331.0,128.0,UB,0,[],"[653, 1475]"
653,MUL,,,,38,"[357, 617, 652]","[657, 1325, 1457]"
654,ALLOC,332.0,128.0,UB,0,[],"[655, 1476]"
655,ADD,,,,37,"[645, 651, 654]","[961, 1474, 1471]"
656,ALLOC,333.0,128.0,UB,0,[],"[657, 1477]"
657,ADD,,,,37,"[649, 653, 656]","[963, 1475, 1473]"
658,ALLOC,334.0,256.0,L0C,0,[],"[663, 1478]"
659,ALLOC,335.0,128.0,L0A,0,[],"[661, 1479]"
660,ALLOC,336.0,128.0,L0B,0,[],"[662, 1480]"
661,MOVE,,,,31,"[108, 659]","[663, 1199]"
662,MOVE,,,,54,"[506, 660]","[663, 1401]"
663,MATMUL,,,,128,"[658, 661, 662]","[668, 1480, 1479]"
664,ALLOC,337.0,128.0,L0A,0,[],"[666, 1481]"
665,ALLOC,338.0,128.0,L0B,0,[],"[667, 1482]"
666,MOVE,,,,31,"[115, 664]","[668, 1202]"
667,MOVE,,,,54,"[513, 665]","[668, 1404]"
668,MATMUL,,,,128,"[663, 666, 667]","[671, 1482, 1481]"
669,ALLOC,339.0,128.0,UB,0,[],"[671, 1483]"
670,ALLOC,340.0,128.0,UB,0,[],"[672, 1484]"
671,COPY,,,,41,"[668, 669]","[672, 677, 1478]"
672,ROWMAX,,,,310,"[670, 671]","[675, 677]"
673,ALLOC,341.0,2.0,UB,0,[],"[675, 1485]"
674,ALLOC,342.0,16.0,UB,0,[],"[675, 1486]"
675,COMPACT,,,,113,"[672, 673, 674]","[686, 692, 1484, 1486]"
676,ALLOC,343.0,128.0,UB,0,[],"[677, 1487]"
677,SUB,,,,151,"[671, 672, 676]","[679, 1483, 1484]"
678,ALLOC,344.0,128.0,UB,0,[],"[679, 1488]"
679,EXP,,,,218,"[677, 678]","[681, 703, 1487]"
680,ALLOC,345.0,128.0,UB,0,[],"[681, 1489]"
681,ROWSUM,,,,342,"[679, 680]","[684, 1488]"
682,ALLOC,346.0,2.0,UB,0,[],"[684, 1490]"
683,ALLOC,347.0,16.0,UB,0,[],"[684, 1491]"
684,COMPACT,,,,113,"[681, 682, 683]","[696, 1489, 1491]"
685,ALLOC,348.0,2.0,UB,0,[],"[686, 1492]"
686,MAX,,,,23,"[386, 675, 685]","[688, 692, 1006, 1008]"
687,ALLOC,349.0,2.0,UB,0,[],"[688, 1493]"
688,SUB,,,,24,"[386, 686, 687]","[690, 1340, 1492]"
689,ALLOC,350.0,2.0,UB,0,[],"[690, 1494]"
690,EXP,,,,31,"[688, 689]","[698, 724, 726, 1493]"
691,ALLOC,351.0,2.0,UB,0,[],"[692, 1495]"
692,SUB,,,,24,"[675, 686, 691]","[694, 1485, 1492]"
693,ALLOC,352.0,2.0,UB,0,[],"[694, 1496]"
694,EXP,,,,31,"[692, 693]","[696, 718, 722, 1495]"
695,ALLOC,353.0,2.0,UB,0,[],"[696, 1497]"
696,MUL,,,,25,"[684, 694, 695]","[700, 1496, 1490]"
697,ALLOC,354.0,2.0,UB,0,[],"[698, 1498]"
698,MUL,,,,25,"[400, 690, 697]","[700, 1494, 1347]"
699,ALLOC,355.0,2.0,UB,0,[],"[700, 1499]"
700,ADD,,,,24,"[696, 698, 699]","[1018, 1498, 1497]"
701,ALLOC,356.0,256.0,L0C,0,[],"[708, 1500]"
702,ALLOC,357.0,256.0,L1,0,[],"[703, 1501]"
703,COPY,,,,271,"[679, 702]","[706, 712, 1488]"
704,ALLOC,358.0,128.0,L0A,0,[],"[706, 1502]"
705,ALLOC,359.0,128.0,L0B,0,[],"[707, 1503]"
706,MOVE,,,,31,"[703, 704]","[708, 1501]"
707,MOVE,,,,54,"[555, 705]","[708, 1426]"
708,MATMUL,,,,128,"[701, 706, 707]","[717, 1503, 1502]"
709,ALLOC,360.0,256.0,L0C,0,[],"[714, 1504]"
710,ALLOC,361.0,128.0,L0A,0,[],"[712, 1505]"
711,ALLOC,362.0,128.0,L0B,0,[],"[713, 1506]"
712,MOVE,,,,31,"[703, 710]","[714, 1501]"
713,MOVE,,,,54,"[563, 711]","[714, 1430]"
714,MATMUL,,,,128,"[709, 712, 713]","[721, 1506, 1505]"
715,ALLOC,363.0,128.0,UB,0,[],"[717, 1507]"
716,ALLOC,364.0,128.0,UB,0,[],"[718, 1508]"
717,COPY,,,,41,"[708, 715]","[718, 1500]"
718,MUL,,,,38,"[694, 716, 717]","[728, 1507, 1496]"
719,ALLOC,365.0,128.0,UB,0,[],"[721, 1509]"
720,ALLOC,366.0,128.0,UB,0,[],"[722, 1510]"
721,COPY,,,,41,"[714, 719]","[722, 1504]"
722,MUL,,,,38,"[694, 720, 721]","[730, 1509, 1496]"
723,ALLOC,367.0,128.0,UB,0,[],"[724, 1511]"
724,MUL,,,,38,"[428, 690, 723]","[728, 1361, 1494]"
725,ALLOC,368.0,128.0,UB,0,[],"[726, 1512]"
726,MUL,,,,38,"[430, 690, 725]","[730, 1362, 1494]"
727,ALLOC,369.0,128.0,UB,0,[],"[728, 1513]"
728,ADD,,,,37,"[718, 724, 727]","[1044, 1511, 1508]"
729,ALLOC,370.0,128.0,UB,0,[],"[730, 1514]"
730,ADD,,,,37,"[722, 726, 729]","[1046, 1512, 1510]"
731,ALLOC,371.0,256.0,L0C,0,[],"[736, 1515]"
732,ALLOC,372.0,128.0,L0A,0,[],"[734, 1516]"
733,ALLOC,373.0,128.0,L0B,0,[],"[735, 1517]"
734,MOVE,,,,31,"[157, 732]","[736, 1224]"
735,MOVE,,,,54,"[506, 733]","[736, 1401]"
736,MATMUL,,,,128,"[731, 734, 735]","[741, 1517, 1516]"
737,ALLOC,374.0,128.0,L0A,0,[],"[739, 1518]"
738,ALLOC,375.0,128.0,L0B,0,[],"[740, 1519]"
739,MOVE,,,,31,"[164, 737]","[741, 1227]"
740,MOVE,,,,54,"[513, 738]","[741, 1404]"
741,MATMUL,,,,128,"[736, 739, 740]","[744, 1519, 1518]"
742,ALLOC,376.0,128.0,UB,0,[],"[744, 1520]"
743,ALLOC,377.0,128.0,UB,0,[],"[745, 1521]"
744,COPY,,,,41,"[741, 742]","[745, 750, 1515]"
745,ROWMAX,,,,310,"[743, 744]","[748, 750]"
746,ALLOC,378.0,2.0,UB,0,[],"[748, 1522]"
747,ALLOC,379.0,16.0,UB,0,[],"[748, 1523]"
748,COMPACT,,,,113,"[745, 746, 747]","[759, 765, 1521, 1523]"
749,ALLOC,380.0,128.0,UB,0,[],"[750, 1524]"
750,SUB,,,,151,"[744, 745, 749]","[752, 1520, 1521]"
751,ALLOC,381.0,128.0,UB,0,[],"[752, 1525]"
752,EXP,,,,218,"[750, 751]","[754, 776, 1524]"
753,ALLOC,382.0,128.0,UB,0,[],"[754, 1526]"
754,ROWSUM,,,,342,"[752, 753]","[757, 1525]"
755,ALLOC,383.0,2.0,UB,0,[],"[757, 1527]"
756,ALLOC,384.0,16.0,UB,0,[],"[757, 1528]"
757,COMPACT,,,,113,"[754, 755, 756]","[769, 1526, 1528]"
758,ALLOC,385.0,2.0,UB,0,[],"[759, 1529]"
759,MAX,,,,23,"[459, 748, 758]","[761, 765, 1089, 1091]"
760,ALLOC,386.0,2.0,UB,0,[],"[761, 1530]"
761,SUB,,,,24,"[459, 759, 760]","[763, 1377, 1529]"
762,ALLOC,387.0,2.0,UB,0,[],"[763, 1531]"
763,EXP,,,,31,"[761, 762]","[771, 797, 799, 1530]"
764,ALLOC,388.0,2.0,UB,0,[],"[765, 1532]"
765,SUB,,,,24,"[748, 759, 764]","[767, 1522, 1529]"
766,ALLOC,389.0,2.0,UB,0,[],"[767, 1533]"
767,EXP,,,,31,"[765, 766]","[769, 791, 795, 1532]"
768,ALLOC,390.0,2.0,UB,0,[],"[769, 1534]"
769,MUL,,,,25,"[757, 767, 768]","[773, 1533, 1527]"
770,ALLOC,391.0,2.0,UB,0,[],"[771, 1535]"
771,MUL,,,,25,"[473, 763, 770]","[773, 1531, 1384]"
772,ALLOC,392.0,2.0,UB,0,[],"[773, 1536]"
773,ADD,,,,24,"[769, 771, 772]","[1101, 1535, 1534]"
774,ALLOC,393.0,256.0,L0C,0,[],"[781, 1537]"
775,ALLOC,394.0,256.0,L1,0,[],"[776, 1538]"
776,COPY,,,,271,"[752, 775]","[779, 785, 1525]"
777,ALLOC,395.0,128.0,L0A,0,[],"[779, 1539]"
778,ALLOC,396.0,128.0,L0B,0,[],"[780, 1540]"
779,MOVE,,,,31,"[776, 777]","[781, 1538]"
780,MOVE,,,,54,"[555, 778]","[781, 1426]"
781,MATMUL,,,,128,"[774, 779, 780]","[790, 1540, 1539]"
782,ALLOC,397.0,256.0,L0C,0,[],"[787, 1541]"
783,ALLOC,398.0,128.0,L0A,0,[],"[785, 1542]"
784,ALLOC,399.0,128.0,L0B,0,[],"[786, 1543]"
785,MOVE,,,,31,"[776, 783]","[787, 1538]"
786,MOVE,,,,54,"[563, 784]","[787, 1430]"
787,MATMUL,,,,128,"[782, 785, 786]","[794, 1543, 1542]"
788,ALLOC,400.0,128.0,UB,0,[],"[790, 1544]"
789,ALLOC,401.0,128.0,UB,0,[],"[791, 1545]"
790,COPY,,,,41,"[781, 788]","[791, 1537]"
791,MUL,,,,38,"[767, 789, 790]","[801, 1544, 1533]"
792,ALLOC,402.0,128.0,UB,0,[],"[794, 1546]"
793,ALLOC,403.0,128.0,UB,0,[],"[795, 1547]"
794,COPY,,,,41,"[787, 792]","[795, 1541]"
795,MUL,,,,38,"[767, 793, 794]","[803, 1546, 1533]"
796,ALLOC,404.0,128.0,UB,0,[],"[797, 1548]"
797,MUL,,,,38,"[501, 763, 796]","[801, 1398, 1531]"
798,ALLOC,405.0,128.0,UB,0,[],"[799, 1549]"
799,MUL,,,,38,"[503, 763, 798]","[803, 1399, 1531]"
800,ALLOC,406.0,128.0,UB,0,[],"[801, 1550]"
801,ADD,,,,37,"[791, 797, 800]","[1127, 1548, 1545]"
802,ALLOC,407.0,128.0,UB,0,[],"[803, 1551]"
803,ADD,,,,37,"[795, 799, 802]","[1129, 1549, 1547]"
804,ALLOC,408.0,256.0,L0C,0,[],"[811, 1552]"
805,ALLOC,409.0,256.0,L1,0,[],"[806, 1553]"
806,COPY_IN,,,,581,[805],"[810, 899, 982, 1065]"
807,ALLOC,410.0,128.0,L0A,0,[],"[809, 1554]"
808,ALLOC,411.0,128.0,L0B,0,[],"[810, 1555]"
809,MOVE,,,,31,"[3, 807]","[811, 1145]"
810,MOVE,,,,54,"[806, 808]","[811, 1553]"
811,MATMUL,,,,128,"[804, 809, 810]","[818, 1555, 1554]"
812,ALLOC,412.0,256.0,L1,0,[],"[813, 1556]"
813,COPY_IN,,,,581,[812],"[817, 904, 987, 1070]"
814,ALLOC,413.0,128.0,L0A,0,[],"[816, 1557]"
815,ALLOC,414.0,128.0,L0B,0,[],"[817, 1558]"
816,MOVE,,,,31,"[12, 814]","[818, 1149]"
817,MOVE,,,,54,"[813, 815]","[818, 1556]"
818,MATMUL,,,,128,"[811, 816, 817]","[821, 1558, 1557]"
819,ALLOC,415.0,128.0,UB,0,[],"[821, 1559]"
820,ALLOC,416.0,128.0,UB,0,[],"[822, 1560]"
821,COPY,,,,41,"[818, 819]","[822, 827, 1552]"
822,ROWMAX,,,,310,"[820, 821]","[825, 827]"
823,ALLOC,417.0,2.0,UB,0,[],"[825, 1561]"
824,ALLOC,418.0,16.0,UB,0,[],"[825, 1562]"
825,COMPACT,,,,113,"[822, 823, 824]","[836, 842, 1560, 1562]"
826,ALLOC,419.0,128.0,UB,0,[],"[827, 1563]"
827,SUB,,,,151,"[821, 822, 826]","[829, 1559, 1560]"
828,ALLOC,420.0,128.0,UB,0,[],"[829, 1564]"
829,EXP,,,,218,"[827, 828]","[831, 854, 1563]"
830,ALLOC,421.0,128.0,UB,0,[],"[831, 1565]"
831,ROWSUM,,,,342,"[829, 830]","[834, 1564]"
832,ALLOC,422.0,2.0,UB,0,[],"[834, 1566]"
833,ALLOC,423.0,16.0,UB,0,[],"[834, 1567]"
834,COMPACT,,,,113,"[831, 832, 833]","[846, 1565, 1567]"
835,ALLOC,424.0,2.0,UB,0,[],"[836, 1568]"
836,MAX,,,,23,"[536, 825, 835]","[838, 842, 894]"
837,ALLOC,425.0,2.0,UB,0,[],"[838, 1569]"
838,SUB,,,,24,"[536, 836, 837]","[840, 1416, 1568]"
839,ALLOC,426.0,2.0,UB,0,[],"[840, 1570]"
840,EXP,,,,31,"[838, 839]","[848, 878, 880, 1569]"
841,ALLOC,427.0,2.0,UB,0,[],"[842, 1571]"
842,SUB,,,,24,"[825, 836, 841]","[844, 1561, 1568]"
843,ALLOC,428.0,2.0,UB,0,[],"[844, 1572]"
844,EXP,,,,31,"[842, 843]","[846, 872, 876, 1571]"
845,ALLOC,429.0,2.0,UB,0,[],"[846, 1573]"
846,MUL,,,,25,"[834, 844, 845]","[850, 1572, 1566]"
847,ALLOC,430.0,2.0,UB,0,[],"[848, 1574]"
848,MUL,,,,25,"[550, 840, 847]","[850, 1570, 1423]"
849,ALLOC,431.0,2.0,UB,0,[],"[850, 1575]"
850,ADD,,,,24,"[846, 848, 849]","[886, 893, 1574, 1573]"
851,ALLOC,432.0,256.0,L0C,0,[],"[860, 1576]"
852,ALLOC,433.0,256.0,L1,0,[],"[854, 1577]"
853,ALLOC,434.0,256.0,L1,0,[],"[855, 1578]"
854,COPY,,,,271,"[829, 852]","[858, 866, 1564]"
855,COPY_IN,,,,581,[853],"[859, 944, 1027, 1110]"
856,ALLOC,435.0,128.0,L0A,0,[],"[858, 1579]"
857,ALLOC,436.0,128.0,L0B,0,[],"[859, 1580]"
858,MOVE,,,,31,"[854, 856]","[860, 1577]"
859,MOVE,,,,54,"[855, 857]","[860, 1578]"
860,MATMUL,,,,128,"[851, 858, 859]","[871, 1580, 1579]"
861,ALLOC,437.0,256.0,L0C,0,[],"[868, 1581]"
862,ALLOC,438.0,256.0,L1,0,[],"[863, 1582]"
863,COPY_IN,,,,581,[862],"[867, 950, 1033, 1116]"
864,ALLOC,439.0,128.0,L0A,0,[],"[866, 1583]"
865,ALLOC,440.0,128.0,L0B,0,[],"[867, 1584]"
866,MOVE,,,,31,"[854, 864]","[868, 1577]"
867,MOVE,,,,54,"[863, 865]","[868, 1582]"
868,MATMUL,,,,128,"[861, 866, 867]","[875, 1584, 1583]"
869,ALLOC,441.0,128.0,UB,0,[],"[871, 1585]"
870,ALLOC,442.0,128.0,UB,0,[],"[872, 1586]"
871,COPY,,,,41,"[860, 869]","[872, 1576]"
872,MUL,,,,38,"[844, 870, 871]","[882, 1585, 1572]"
873,ALLOC,443.0,128.0,UB,0,[],"[875, 1587]"
874,ALLOC,444.0,128.0,UB,0,[],"[876, 1588]"
875,COPY,,,,41,"[868, 873]","[876, 1581]"
876,MUL,,,,38,"[844, 874, 875]","[884, 1587, 1572]"
877,ALLOC,445.0,128.0,UB,0,[],"[878, 1589]"
878,MUL,,,,38,"[582, 840, 877]","[882, 1439, 1570]"
879,ALLOC,446.0,128.0,UB,0,[],"[880, 1590]"
880,MUL,,,,38,"[584, 840, 879]","[884, 1440, 1570]"
881,ALLOC,447.0,128.0,UB,0,[],"[882, 1591]"
882,ADD,,,,37,"[872, 878, 881]","[888, 1589, 1586]"
883,ALLOC,448.0,128.0,UB,0,[],"[884, 1592]"
884,ADD,,,,37,"[876, 880, 883]","[890, 1590, 1588]"
885,ALLOC,449.0,2.0,UB,0,[],"[886, 1593]"
886,REC,,,,37,"[850, 885]","[888, 890, 1575]"
887,ALLOC,450.0,128.0,UB,0,[],"[888, 1594]"
888,MUL,,,,38,"[882, 886, 887]","[891, 1591, 1593]"
889,ALLOC,451.0,128.0,UB,0,[],"[890, 1595]"
890,MUL,,,,38,"[884, 886, 889]","[892, 1592, 1593]"
891,COPY_OUT,,,,191,[888],[1594]
892,COPY_OUT,,,,191,[890],[1595]
893,COPY_OUT,,,,150,[850],[1575]
894,COPY_OUT,,,,150,[836],[1568]
895,ALLOC,452.0,256.0,L0C,0,[],"[900, 1596]"
896,ALLOC,453.0,128.0,L0A,0,[],"[898, 1597]"
897,ALLOC,454.0,128.0,L0B,0,[],"[899, 1598]"
898,MOVE,,,,31,"[59, 896]","[900, 1174]"
899,MOVE,,,,54,"[806, 897]","[900, 1553]"
900,MATMUL,,,,128,"[895, 898, 899]","[905, 1598, 1597]"
901,ALLOC,455.0,128.0,L0A,0,[],"[903, 1599]"
902,ALLOC,456.0,128.0,L0B,0,[],"[904, 1600]"
903,MOVE,,,,31,"[66, 901]","[905, 1177]"
904,MOVE,,,,54,"[813, 902]","[905, 1556]"
905,MATMUL,,,,128,"[900, 903, 904]","[908, 1600, 1599]"
906,ALLOC,457.0,128.0,UB,0,[],"[908, 1601]"
907,ALLOC,458.0,128.0,UB,0,[],"[909, 1602]"
908,COPY,,,,41,"[905, 906]","[909, 914, 1596]"
909,ROWMAX,,,,310,"[907, 908]","[912, 914]"
910,ALLOC,459.0,2.0,UB,0,[],"[912, 1603]"
911,ALLOC,460.0,16.0,UB,0,[],"[912, 1604]"
912,COMPACT,,,,113,"[909, 910, 911]","[923, 929, 1602, 1604]"
913,ALLOC,461.0,128.0,UB,0,[],"[914, 1605]"
914,SUB,,,,151,"[908, 909, 913]","[916, 1601, 1602]"
915,ALLOC,462.0,128.0,UB,0,[],"[916, 1606]"
916,EXP,,,,218,"[914, 915]","[918, 940, 1605]"
917,ALLOC,463.0,128.0,UB,0,[],"[918, 1607]"
918,ROWSUM,,,,342,"[916, 917]","[921, 1606]"
919,ALLOC,464.0,2.0,UB,0,[],"[921, 1608]"
920,ALLOC,465.0,16.0,UB,0,[],"[921, 1609]"
921,COMPACT,,,,113,"[918, 919, 920]","[933, 1607, 1609]"
922,ALLOC,466.0,2.0,UB,0,[],"[923, 1610]"
923,MAX,,,,23,"[613, 912, 922]","[925, 929, 977]"
924,ALLOC,467.0,2.0,UB,0,[],"[925, 1611]"
925,SUB,,,,24,"[613, 923, 924]","[927, 1455, 1610]"
926,ALLOC,468.0,2.0,UB,0,[],"[927, 1612]"
927,EXP,,,,31,"[925, 926]","[935, 961, 963, 1611]"
928,ALLOC,469.0,2.0,UB,0,[],"[929, 1613]"
929,SUB,,,,24,"[912, 923, 928]","[931, 1603, 1610]"
930,ALLOC,470.0,2.0,UB,0,[],"[931, 1614]"
931,EXP,,,,31,"[929, 930]","[933, 955, 959, 1613]"
932,ALLOC,471.0,2.0,UB,0,[],"[933, 1615]"
933,MUL,,,,25,"[921, 931, 932]","[937, 1614, 1608]"
934,ALLOC,472.0,2.0,UB,0,[],"[935, 1616]"
935,MUL,,,,25,"[627, 927, 934]","[937, 1612, 1462]"
936,ALLOC,473.0,2.0,UB,0,[],"[937, 1617]"
937,ADD,,,,24,"[933, 935, 936]","[969, 976, 1616, 1615]"
938,ALLOC,474.0,256.0,L0C,0,[],"[945, 1618]"
939,ALLOC,475.0,256.0,L1,0,[],"[940, 1619]"
940,COPY,,,,271,"[916, 939]","[943, 949, 1606]"
941,ALLOC,476.0,128.0,L0A,0,[],"[943, 1620]"
942,ALLOC,477.0,128.0,L0B,0,[],"[944, 1621]"
943,MOVE,,,,31,"[940, 941]","[945, 1619]"
944,MOVE,,,,54,"[855, 942]","[945, 1578]"
945,MATMUL,,,,128,"[938, 943, 944]","[954, 1621, 1620]"
946,ALLOC,478.0,256.0,L0C,0,[],"[951, 1622]"
947,ALLOC,479.0,128.0,L0A,0,[],"[949, 1623]"
948,ALLOC,480.0,128.0,L0B,0,[],"[950, 1624]"
949,MOVE,,,,31,"[940, 947]","[951, 1619]"
950,MOVE,,,,54,"[863, 948]","[951, 1582]"
951,MATMUL,,,,128,"[946, 949, 950]","[958, 1624, 1623]"
952,ALLOC,481.0,128.0,UB,0,[],"[954, 1625]"
953,ALLOC,482.0,128.0,UB,0,[],"[955, 1626]"
954,COPY,,,,41,"[945, 952]","[955, 1618]"
955,MUL,,,,38,"[931, 953, 954]","[965, 1625, 1614]"
956,ALLOC,483.0,128.0,UB,0,[],"[958, 1627]"
957,ALLOC,484.0,128.0,UB,0,[],"[959, 1628]"
958,COPY,,,,41,"[951, 956]","[959, 1622]"
959,MUL,,,,38,"[931, 957, 958]","[967, 1627, 1614]"
960,ALLOC,485.0,128.0,UB,0,[],"[961, 1629]"
961,MUL,,,,38,"[655, 927, 960]","[965, 1476, 1612]"
962,ALLOC,486.0,128.0,UB,0,[],"[963, 1630]"
963,MUL,,,,38,"[657, 927, 962]","[967, 1477, 1612]"
964,ALLOC,487.0,128.0,UB,0,[],"[965, 1631]"
965,ADD,,,,37,"[955, 961, 964]","[971, 1629, 1626]"
966,ALLOC,488.0,128.0,UB,0,[],"[967, 1632]"
967,ADD,,,,37,"[959, 963, 966]","[973, 1630, 1628]"
968,ALLOC,489.0,2.0,UB,0,[],"[969, 1633]"
969,REC,,,,37,"[937, 968]","[971, 973, 1617]"
970,ALLOC,490.0,128.0,UB,0,[],"[971, 1634]"
971,MUL,,,,38,"[965, 969, 970]","[974, 1631, 1633]"
972,ALLOC,491.0,128.0,UB,0,[],"[973, 1635]"
973,MUL,,,,38,"[967, 969, 972]","[975, 1632, 1633]"
974,COPY_OUT,,,,191,[971],[1634]
975,COPY_OUT,,,,191,[973],[1635]
976,COPY_OUT,,,,150,[937],[1617]
977,COPY_OUT,,,,150,[923],[1610]
978,ALLOC,492.0,256.0,L0C,0,[],"[983, 1636]"
979,ALLOC,493.0,128.0,L0A,0,[],"[981, 1637]"
980,ALLOC,494.0,128.0,L0B,0,[],"[982, 1638]"
981,MOVE,,,,31,"[108, 979]","[983, 1199]"
982,MOVE,,,,54,"[806, 980]","[983, 1553]"
983,MATMUL,,,,128,"[978, 981, 982]","[988, 1638, 1637]"
984,ALLOC,495.0,128.0,L0A,0,[],"[986, 1639]"
985,ALLOC,496.0,128.0,L0B,0,[],"[987, 1640]"
986,MOVE,,,,31,"[115, 984]","[988, 1202]"
987,MOVE,,,,54,"[813, 985]","[988, 1556]"
988,MATMUL,,,,128,"[983, 986, 987]","[991, 1640, 1639]"
989,ALLOC,497.0,128.0,UB,0,[],"[991, 1641]"
990,ALLOC,498.0,128.0,UB,0,[],"[992, 1642]"
991,COPY,,,,41,"[988, 989]","[992, 997, 1636]"
992,ROWMAX,,,,310,"[990, 991]","[995, 997]"
993,ALLOC,499.0,2.0,UB,0,[],"[995, 1643]"
994,ALLOC,500.0,16.0,UB,0,[],"[995, 1644]"
995,COMPACT,,,,113,"[992, 993, 994]","[1006, 1012, 1642, 1644]"
996,ALLOC,501.0,128.0,UB,0,[],"[997, 1645]"
997,SUB,,,,151,"[991, 992, 996]","[999, 1641, 1642]"
998,ALLOC,502.0,128.0,UB,0,[],"[999, 1646]"
999,EXP,,,,218,"[997, 998]","[1001, 1023, 1645]"
1000,ALLOC,503.0,128.0,UB,0,[],"[1001, 1647]"
1001,ROWSUM,,,,342,"[999, 1000]","[1004, 1646]"
1002,ALLOC,504.0,2.0,UB,0,[],"[1004, 1648]"
1003,ALLOC,505.0,16.0,UB,0,[],"[1004, 1649]"
1004,COMPACT,,,,113,"[1001, 1002, 1003]","[1016, 1647, 1649]"
1005,ALLOC,506.0,2.0,UB,0,[],"[1006, 1650]"
1006,MAX,,,,23,"[686, 995, 1005]","[1008, 1012, 1060]"
1007,ALLOC,507.0,2.0,UB,0,[],"[1008, 1651]"
1008,SUB,,,,24,"[686, 1006, 1007]","[1010, 1492, 1650]"
1009,ALLOC,508.0,2.0,UB,0,[],"[1010, 1652]"
1010,EXP,,,,31,"[1008, 1009]","[1018, 1044, 1046, 1651]"
1011,ALLOC,509.0,2.0,UB,0,[],"[1012, 1653]"
1012,SUB,,,,24,"[995, 1006, 1011]","[1014, 1643, 1650]"
1013,ALLOC,510.0,2.0,UB,0,[],"[1014, 1654]"
1014,EXP,,,,31,"[1012, 1013]","[1016, 1038, 1042, 1653]"
1015,ALLOC,511.0,2.0,UB,0,[],"[1016, 1655]"
1016,MUL,,,,25,"[1004, 1014, 1015]","[1020, 1654, 1648]"
1017,ALLOC,512.0,2.0,UB,0,[],"[1018, 1656]"
1018,MUL,,,,25,"[700, 1010, 1017]","[1020, 1652, 1499]"
1019,ALLOC,513.0,2.0,UB,0,[],"[1020, 1657]"
1020,ADD,,,,24,"[1016, 1018, 1019]","[1052, 1059, 1656, 1655]"
1021,ALLOC,514.0,256.0,L0C,0,[],"[1028, 1658]"
1022,ALLOC,515.0,256.0,L1,0,[],"[1023, 1659]"
1023,COPY,,,,271,"[999, 1022]","[1026, 1032, 1646]"
1024,ALLOC,516.0,128.0,L0A,0,[],"[1026, 1660]"
1025,ALLOC,517.0,128.0,L0B,0,[],"[1027, 1661]"
1026,MOVE,,,,31,"[1023, 1024]","[1028, 1659]"
1027,MOVE,,,,54,"[855, 1025]","[1028, 1578]"
1028,MATMUL,,,,128,"[1021, 1026, 1027]","[1037, 1661, 1660]"
1029,ALLOC,518.0,256.0,L0C,0,[],"[1034, 1662]"
1030,ALLOC,519.0,128.0,L0A,0,[],"[1032, 1663]"
1031,ALLOC,520.0,128.0,L0B,0,[],"[1033, 1664]"
1032,MOVE,,,,31,"[1023, 1030]","[1034, 1659]"
1033,MOVE,,,,54,"[863, 1031]","[1034, 1582]"
1034,MATMUL,,,,128,"[1029, 1032, 1033]","[1041, 1664, 1663]"
1035,ALLOC,521.0,128.0,UB,0,[],"[1037, 1665]"
1036,ALLOC,522.0,128.0,UB,0,[],"[1038, 1666]"
1037,COPY,,,,41,"[1028, 1035]","[1038, 1658]"
1038,MUL,,,,38,"[1014, 1036, 1037]","[1048, 1665, 1654]"
1039,ALLOC,523.0,128.0,UB,0,[],"[1041, 1667]"
1040,ALLOC,524.0,128.0,UB,0,[],"[1042, 1668]"
1041,COPY,,,,41,"[1034, 1039]","[1042, 1662]"
1042,MUL,,,,38,"[1014, 1040, 1041]","[1050, 1667, 1654]"
1043,ALLOC,525.0,128.0,UB,0,[],"[1044, 1669]"
1044,MUL,,,,38,"[728, 1010, 1043]","[1048, 1513, 1652]"
1045,ALLOC,526.0,128.0,UB,0,[],"[1046, 1670]"
1046,MUL,,,,38,"[730, 1010, 1045]","[1050, 1514, 1652]"
1047,ALLOC,527.0,128.0,UB,0,[],"[1048, 1671]"
1048,ADD,,,,37,"[1038, 1044, 1047]","[1054, 1669, 1666]"
1049,ALLOC,528.0,128.0,UB,0,[],"[1050, 1672]"
1050,ADD,,,,37,"[1042, 1046, 1049]","[1056, 1670, 1668]"
1051,ALLOC,529.0,2.0,UB,0,[],"[1052, 1673]"
1052,REC,,,,37,"[1020, 1051]","[1054, 1056, 1657]"
1053,ALLOC,530.0,128.0,UB,0,[],"[1054, 1674]"
1054,MUL,,,,38,"[1048, 1052, 1053]","[1057, 1671, 1673]"
1055,ALLOC,531.0,128.0,UB,0,[],"[1056, 1675]"
1056,MUL,,,,38,"[1050, 1052, 1055]","[1058, 1672, 1673]"
1057,COPY_OUT,,,,191,[1054],[1674]
1058,COPY_OUT,,,,191,[1056],[1675]
1059,COPY_OUT,,,,150,[1020],[1657]
1060,COPY_OUT,,,,150,[1006],[1650]
1061,ALLOC,532.0,256.0,L0C,0,[],"[1066, 1676]"
1062,ALLOC,533.0,128.0,L0A,0,[],"[1064, 1677]"
1063,ALLOC,534.0,128.0,L0B,0,[],"[1065, 1678]"
1064,MOVE,,,,31,"[157, 1062]","[1066, 1224]"
1065,MOVE,,,,54,"[806, 1063]","[1066, 1553]"
1066,MATMUL,,,,128,"[1061, 1064, 1065]","[1071, 1678, 1677]"
1067,ALLOC,535.0,128.0,L0A,0,[],"[1069, 1679]"
1068,ALLOC,536.0,128.0,L0B,0,[],"[1070, 1680]"
1069,MOVE,,,,31,"[164, 1067]","[1071, 1227]"
1070,MOVE,,,,54,"[813, 1068]","[1071, 1556]"
1071,MATMUL,,,,128,"[1066, 1069, 1070]","[1074, 1680, 1679]"
1072,ALLOC,537.0,128.0,UB,0,[],"[1074, 1681]"
1073,ALLOC,538.0,128.0,UB,0,[],"[1075, 1682]"
1074,COPY,,,,41,"[1071, 1072]","[1075, 1080, 1676]"
1075,ROWMAX,,,,310,"[1073, 1074]","[1078, 1080]"
1076,ALLOC,539.0,2.0,UB,0,[],"[1078, 1683]"
1077,ALLOC,540.0,16.0,UB,0,[],"[1078, 1684]"
1078,COMPACT,,,,113,"[1075, 1076, 1077]","[1089, 1095, 1682, 1684]"
1079,ALLOC,541.0,128.0,UB,0,[],"[1080, 1685]"
1080,SUB,,,,151,"[1074, 1075, 1079]","[1082, 1681, 1682]"
1081,ALLOC,542.0,128.0,UB,0,[],"[1082, 1686]"
1082,EXP,,,,218,"[1080, 1081]","[1084, 1106, 1685]"
1083,ALLOC,543.0,128.0,UB,0,[],"[1084, 1687]"
1084,ROWSUM,,,,342,"[1082, 1083]","[1087, 1686]"
1085,ALLOC,544.0,2.0,UB,0,[],"[1087, 1688]"
1086,ALLOC,545.0,16.0,UB,0,[],"[1087, 1689]"
1087,COMPACT,,,,113,"[1084, 1085, 1086]","[1099, 1687, 1689]"
1088,ALLOC,546.0,2.0,UB,0,[],"[1089, 1690]"
1089,MAX,,,,23,"[759, 1078, 1088]","[1091, 1095, 1143]"
1090,ALLOC,547.0,2.0,UB,0,[],"[1091, 1691]"
1091,SUB,,,,24,"[759, 1089, 1090]","[1093, 1529, 1690]"
1092,ALLOC,548.0,2.0,UB,0,[],"[1093, 1692]"
1093,EXP,,,,31,"[1091, 1092]","[1101, 1127, 1129, 1691]"
1094,ALLOC,549.0,2.0,UB,0,[],"[1095, 1693]"
1095,SUB,,,,24,"[1078, 1089, 1094]","[1097, 1683, 1690]"
1096,ALLOC,550.0,2.0,UB,0,[],"[1097, 1694]"
1097,EXP,,,,31,"[1095, 1096]","[1099, 1121, 1125, 1693]"
1098,ALLOC,551.0,2.0,UB,0,[],"[1099, 1695]"
1099,MUL,,,,25,"[1087, 1097, 1098]","[1103, 1694, 1688]"
1100,ALLOC,552.0,2.0,UB,0,[],"[1101, 1696]"
1101,MUL,,,,25,"[773, 1093, 1100]","[1103, 1692, 1536]"
1102,ALLOC,553.0,2.0,UB,0,[],"[1103, 1697]"
1103,ADD,,,,24,"[1099, 1101, 1102]","[1135, 1142, 1696, 1695]"
1104,ALLOC,554.0,256.0,L0C,0,[],"[1111, 1698]"
1105,ALLOC,555.0,256.0,L1,0,[],"[1106, 1699]"
1106,COPY,,,,271,"[1082, 1105]","[1109, 1115, 1686]"
1107,ALLOC,556.0,128.0,L0A,0,[],"[1109, 1700]"
1108,ALLOC,557.0,128.0,L0B,0,[],"[1110, 1701]"
1109,MOVE,,,,31,"[1106, 1107]","[1111, 1699]"
1110,MOVE,,,,54,"[855, 1108]","[1111, 1578]"
1111,MATMUL,,,,128,"[1104, 1109, 1110]","[1120, 1701, 1700]"
1112,ALLOC,558.0,256.0,L0C,0,[],"[1117, 1702]"
1113,ALLOC,559.0,128.0,L0A,0,[],"[1115, 1703]"
1114,ALLOC,560.0,128.0,L0B,0,[],"[1116, 1704]"
1115,MOVE,,,,31,"[1106, 1113]","[1117, 1699]"
1116,MOVE,,,,54,"[863, 1114]","[1117, 1582]"
1117,MATMUL,,,,128,"[1112, 1115, 1116]","[1124, 1704, 1703]"
1118,ALLOC,561.0,128.0,UB,0,[],"[1120, 1705]"
1119,ALLOC,562.0,128.0,UB,0,[],"[1121, 1706]"
1120,COPY,,,,41,"[1111, 1118]","[1121, 1698]"
1121,MUL,,,,38,"[1097, 1119, 1120]","[1131, 1705, 1694]"
1122,ALLOC,563.0,128.0,UB,0,[],"[1124, 1707]"
1123,ALLOC,564.0,128.0,UB,0,[],"[1125, 1708]"
1124,COPY,,,,41,"[1117, 1122]","[1125, 1702]"
1125,MUL,,,,38,"[1097, 1123, 1124]","[1133, 1707, 1694]"
1126,ALLOC,565.0,128.0,UB,0,[],"[1127, 1709]"
1127,MUL,,,,38,"[801, 1093, 1126]","[1131, 1550, 1692]"
1128,ALLOC,566.0,128.0,UB,0,[],"[1129, 1710]"
1129,MUL,,,,38,"[803, 1093, 1128]","[1133, 1551, 1692]"
1130,ALLOC,567.0,128.0,UB,0,[],"[1131, 1711]"
1131,ADD,,,,37,"[1121, 1127, 1130]","[1137, 1709, 1706]"
1132,ALLOC,568.0,128.0,UB,0,[],"[1133, 1712]"
1133,ADD,,,,37,"[1125, 1129, 1132]","[1139, 1710, 1708]"
1134,ALLOC,569.0,2.0,UB,0,[],"[1135, 1713]"
1135,REC,,,,37,"[1103, 1134]","[1137, 1139, 1697]"
1136,ALLOC,570.0,128.0,UB,0,[],"[1137, 1714]"
1137,MUL,,,,38,"[1131, 1135, 1136]","[1140, 1711, 1713]"
1138,ALLOC,571.0,128.0,UB,0,[],"[1139, 1715]"
1139,MUL,,,,38,"[1133, 1135, 1138]","[1141, 1712, 1713]"
1140,COPY_OUT,,,,191,[1137],[1714]
1141,COPY_OUT,,,,191,[1139],[1715]
1142,COPY_OUT,,,,150,[1103],[1697]
1143,COPY_OUT,,,,150,[1089],[1690]
1144,FREE,0.0,256.0,L0C,0,"[0, 21]",[]
1145,FREE,1.0,256.0,L1,0,"[1, 7, 209, 509, 809]",[]
1146,FREE,2.0,256.0,L1,0,"[2, 8, 63, 112, 161]",[]
1147,FREE,3.0,128.0,L0A,0,"[5, 9]",[]
1148,FREE,4.0,128.0,L0B,0,"[6, 9]",[]
1149,FREE,5.0,256.0,L1,0,"[10, 16, 216, 516, 816]",[]
1150,FREE,6.0,256.0,L1,0,"[11, 17, 70, 119, 168]",[]
1151,FREE,7.0,128.0,L0A,0,"[14, 18]",[]
1152,FREE,8.0,128.0,L0B,0,"[15, 18]",[]
1153,FREE,9.0,128.0,UB,0,"[19, 27]",[]
1154,FREE,10.0,128.0,UB,0,"[20, 25, 27]",[]
1155,FREE,11.0,2.0,UB,0,"[23, 238]",[]
1156,FREE,12.0,16.0,UB,0,"[24, 25]",[]
1157,FREE,13.0,128.0,UB,0,"[26, 29]",[]
1158,FREE,14.0,128.0,UB,0,"[28, 31, 38]",[]
1159,FREE,15.0,128.0,UB,0,"[30, 34]",[]
1160,FREE,16.0,2.0,UB,0,"[32, 248]",[]
1161,FREE,17.0,16.0,UB,0,"[33, 34]",[]
1162,FREE,18.0,256.0,L0C,0,"[35, 54]",[]
1163,FREE,19.0,256.0,L1,0,"[36, 42, 50]",[]
1164,FREE,20.0,256.0,L1,0,"[37, 43, 94, 143, 192]",[]
1165,FREE,21.0,128.0,L0A,0,"[40, 44]",[]
1166,FREE,22.0,128.0,L0B,0,"[41, 44]",[]
1167,FREE,23.0,256.0,L0C,0,"[45, 56]",[]
1168,FREE,24.0,256.0,L1,0,"[46, 51, 100, 149, 198]",[]
1169,FREE,25.0,128.0,L0A,0,"[48, 52]",[]
1170,FREE,26.0,128.0,L0B,0,"[49, 52]",[]
1171,FREE,27.0,128.0,UB,0,"[53, 278]",[]
1172,FREE,28.0,128.0,UB,0,"[55, 280]",[]
1173,FREE,29.0,256.0,L0C,0,"[57, 74]",[]
1174,FREE,30.0,256.0,L1,0,"[58, 62, 288, 588, 898]",[]
1175,FREE,31.0,128.0,L0A,0,"[60, 64]",[]
1176,FREE,32.0,128.0,L0B,0,"[61, 64]",[]
1177,FREE,33.0,256.0,L1,0,"[65, 69, 293, 593, 903]",[]
1178,FREE,34.0,128.0,L0A,0,"[67, 71]",[]
1179,FREE,35.0,128.0,L0B,0,"[68, 71]",[]
1180,FREE,36.0,128.0,UB,0,"[72, 80]",[]
1181,FREE,37.0,128.0,UB,0,"[73, 78, 80]",[]
1182,FREE,38.0,2.0,UB,0,"[76, 315]",[]
1183,FREE,39.0,16.0,UB,0,"[77, 78]",[]
1184,FREE,40.0,128.0,UB,0,"[79, 82]",[]
1185,FREE,41.0,128.0,UB,0,"[81, 84, 90]",[]
1186,FREE,42.0,128.0,UB,0,"[83, 87]",[]
1187,FREE,43.0,2.0,UB,0,"[85, 325]",[]
1188,FREE,44.0,16.0,UB,0,"[86, 87]",[]
1189,FREE,45.0,256.0,L0C,0,"[88, 103]",[]
1190,FREE,46.0,256.0,L1,0,"[89, 93, 99]",[]
1191,FREE,47.0,128.0,L0A,0,"[91, 95]",[]
1192,FREE,48.0,128.0,L0B,0,"[92, 95]",[]
1193,FREE,49.0,256.0,L0C,0,"[96, 105]",[]
1194,FREE,50.0,128.0,L0A,0,"[97, 101]",[]
1195,FREE,51.0,128.0,L0B,0,"[98, 101]",[]
1196,FREE,52.0,128.0,UB,0,"[102, 351]",[]
1197,FREE,53.0,128.0,UB,0,"[104, 353]",[]
1198,FREE,54.0,256.0,L0C,0,"[106, 123]",[]
1199,FREE,55.0,256.0,L1,0,"[107, 111, 361, 661, 981]",[]
1200,FREE,56.0,128.0,L0A,0,"[109, 113]",[]
1201,FREE,57.0,128.0,L0B,0,"[110, 113]",[]
1202,FREE,58.0,256.0,L1,0,"[114, 118, 366, 666, 986]",[]
1203,FREE,59.0,128.0,L0A,0,"[116, 120]",[]
1204,FREE,60.0,128.0,L0B,0,"[117, 120]",[]
1205,FREE,61.0,128.0,UB,0,"[121, 129]",[]
1206,FREE,62.0,128.0,UB,0,"[122, 127, 129]",[]
1207,FREE,63.0,2.0,UB,0,"[125, 388]",[]
1208,FREE,64.0,16.0,UB,0,"[126, 127]",[]
1209,FREE,65.0,128.0,UB,0,"[128, 131]",[]
1210,FREE,66.0,128.0,UB,0,"[130, 133, 139]",[]
1211,FREE,67.0,128.0,UB,0,"[132, 136]",[]
1212,FREE,68.0,2.0,UB,0,"[134, 398]",[]
1213,FREE,69.0,16.0,UB,0,"[135, 136]",[]
1214,FREE,70.0,256.0,L0C,0,"[137, 152]",[]
1215,FREE,71.0,256.0,L1,0,"[138, 142, 148]",[]
1216,FREE,72.0,128.0,L0A,0,"[140, 144]",[]
1217,FREE,73.0,128.0,L0B,0,"[141, 144]",[]
1218,FREE,74.0,256.0,L0C,0,"[145, 154]",[]
1219,FREE,75.0,128.0,L0A,0,"[146, 150]",[]
1220,FREE,76.0,128.0,L0B,0,"[147, 150]",[]
1221,FREE,77.0,128.0,UB,0,"[151, 424]",[]
1222,FREE,78.0,128.0,UB,0,"[153, 426]",[]
1223,FREE,79.0,256.0,L0C,0,"[155, 172]",[]
1224,FREE,80.0,256.0,L1,0,"[156, 160, 434, 734, 1064]",[]
1225,FREE,81.0,128.0,L0A,0,"[158, 162]",[]
1226,FREE,82.0,128.0,L0B,0,"[159, 162]",[]
1227,FREE,83.0,256.0,L1,0,"[163, 167, 439, 739, 1069]",[]
1228,FREE,84.0,128.0,L0A,0,"[165, 169]",[]
1229,FREE,85.0,128.0,L0B,0,"[166, 169]",[]
1230,FREE,86.0,128.0,UB,0,"[170, 178]",[]
1231,FREE,87.0,128.0,UB,0,"[171, 176, 178]",[]
1232,FREE,88.0,2.0,UB,0,"[174, 461]",[]
1233,FREE,89.0,16.0,UB,0,"[175, 176]",[]
1234,FREE,90.0,128.0,UB,0,"[177, 180]",[]
1235,FREE,91.0,128.0,UB,0,"[179, 182, 188]",[]
1236,FREE,92.0,128.0,UB,0,"[181, 185]",[]
1237,FREE,93.0,2.0,UB,0,"[183, 471]",[]
1238,FREE,94.0,16.0,UB,0,"[184, 185]",[]
1239,FREE,95.0,256.0,L0C,0,"[186, 201]",[]
1240,FREE,96.0,256.0,L1,0,"[187, 191, 197]",[]
1241,FREE,97.0,128.0,L0A,0,"[189, 193]",[]
1242,FREE,98.0,128.0,L0B,0,"[190, 193]",[]
1243,FREE,99.0,256.0,L0C,0,"[194, 203]",[]
1244,FREE,100.0,128.0,L0A,0,"[195, 199]",[]
1245,FREE,101.0,128.0,L0B,0,"[196, 199]",[]
1246,FREE,102.0,128.0,UB,0,"[200, 497]",[]
1247,FREE,103.0,128.0,UB,0,"[202, 499]",[]
1248,FREE,104.0,256.0,L0C,0,"[204, 221]",[]
1249,FREE,105.0,256.0,L1,0,"[205, 210, 289, 362, 435]",[]
1250,FREE,106.0,128.0,L0A,0,"[207, 211]",[]
1251,FREE,107.0,128.0,L0B,0,"[208, 211]",[]
1252,FREE,108.0,256.0,L1,0,"[212, 217, 294, 367, 440]",[]
1253,FREE,109.0,128.0,L0A,0,"[214, 218]",[]
1254,FREE,110.0,128.0,L0B,0,"[215, 218]",[]
1255,FREE,111.0,128.0,UB,0,"[219, 227]",[]
1256,FREE,112.0,128.0,UB,0,"[220, 225, 227]",[]
1257,FREE,113.0,2.0,UB,0,"[223, 242]",[]
1258,FREE,114.0,16.0,UB,0,"[224, 225]",[]
1259,FREE,115.0,128.0,UB,0,"[226, 229]",[]
1260,FREE,116.0,128.0,UB,0,"[228, 231, 254]",[]
1261,FREE,117.0,128.0,UB,0,"[230, 234]",[]
1262,FREE,118.0,2.0,UB,0,"[232, 246]",[]
1263,FREE,119.0,16.0,UB,0,"[233, 234]",[]
1264,FREE,120.0,2.0,UB,0,"[235, 238, 242, 538]",[]
1265,FREE,121.0,2.0,UB,0,"[237, 240]",[]
1266,FREE,122.0,2.0,UB,0,"[239, 248, 278, 280]",[]
1267,FREE,123.0,2.0,UB,0,"[241, 244]",[]
1268,FREE,124.0,2.0,UB,0,"[243, 246, 272, 276]",[]
1269,FREE,125.0,2.0,UB,0,"[245, 250]",[]
1270,FREE,126.0,2.0,UB,0,"[247, 250]",[]
1271,FREE,127.0,2.0,UB,0,"[249, 548]",[]
1272,FREE,128.0,256.0,L0C,0,"[251, 271]",[]
1273,FREE,129.0,256.0,L1,0,"[252, 258, 266]",[]
1274,FREE,130.0,256.0,L1,0,"[253, 259, 334, 407, 480]",[]
1275,FREE,131.0,128.0,L0A,0,"[256, 260]",[]
1276,FREE,132.0,128.0,L0B,0,"[257, 260]",[]
1277,FREE,133.0,256.0,L0C,0,"[261, 275]",[]
1278,FREE,134.0,256.0,L1,0,"[262, 267, 340, 413, 486]",[]
1279,FREE,135.0,128.0,L0A,0,"[264, 268]",[]
1280,FREE,136.0,128.0,L0B,0,"[265, 268]",[]
1281,FREE,137.0,128.0,UB,0,"[269, 272]",[]
1282,FREE,138.0,128.0,UB,0,"[270, 282]",[]
1283,FREE,139.0,128.0,UB,0,"[273, 276]",[]
1284,FREE,140.0,128.0,UB,0,"[274, 284]",[]
1285,FREE,141.0,128.0,UB,0,"[277, 282]",[]
1286,FREE,142.0,128.0,UB,0,"[279, 284]",[]
1287,FREE,143.0,128.0,UB,0,"[281, 578]",[]
1288,FREE,144.0,128.0,UB,0,"[283, 580]",[]
1289,FREE,145.0,256.0,L0C,0,"[285, 298]",[]
1290,FREE,146.0,128.0,L0A,0,"[286, 290]",[]
1291,FREE,147.0,128.0,L0B,0,"[287, 290]",[]
1292,FREE,148.0,128.0,L0A,0,"[291, 295]",[]
1293,FREE,149.0,128.0,L0B,0,"[292, 295]",[]
1294,FREE,150.0,128.0,UB,0,"[296, 304]",[]
1295,FREE,151.0,128.0,UB,0,"[297, 302, 304]",[]
1296,FREE,152.0,2.0,UB,0,"[300, 319]",[]
1297,FREE,153.0,16.0,UB,0,"[301, 302]",[]
1298,FREE,154.0,128.0,UB,0,"[303, 306]",[]
1299,FREE,155.0,128.0,UB,0,"[305, 308, 330]",[]
1300,FREE,156.0,128.0,UB,0,"[307, 311]",[]
1301,FREE,157.0,2.0,UB,0,"[309, 323]",[]
1302,FREE,158.0,16.0,UB,0,"[310, 311]",[]
1303,FREE,159.0,2.0,UB,0,"[312, 315, 319, 615]",[]
1304,FREE,160.0,2.0,UB,0,"[314, 317]",[]
1305,FREE,161.0,2.0,UB,0,"[316, 325, 351, 353]",[]
1306,FREE,162.0,2.0,UB,0,"[318, 321]",[]
1307,FREE,163.0,2.0,UB,0,"[320, 323, 345, 349]",[]
1308,FREE,164.0,2.0,UB,0,"[322, 327]",[]
1309,FREE,165.0,2.0,UB,0,"[324, 327]",[]
1310,FREE,166.0,2.0,UB,0,"[326, 625]",[]
1311,FREE,167.0,256.0,L0C,0,"[328, 344]",[]
1312,FREE,168.0,256.0,L1,0,"[329, 333, 339]",[]
1313,FREE,169.0,128.0,L0A,0,"[331, 335]",[]
1314,FREE,170.0,128.0,L0B,0,"[332, 335]",[]
1315,FREE,171.0,256.0,L0C,0,"[336, 348]",[]
1316,FREE,172.0,128.0,L0A,0,"[337, 341]",[]
1317,FREE,173.0,128.0,L0B,0,"[338, 341]",[]
1318,FREE,174.0,128.0,UB,0,"[342, 345]",[]
1319,FREE,175.0,128.0,UB,0,"[343, 355]",[]
1320,FREE,176.0,128.0,UB,0,"[346, 349]",[]
1321,FREE,177.0,128.0,UB,0,"[347, 357]",[]
1322,FREE,178.0,128.0,UB,0,"[350, 355]",[]
1323,FREE,179.0,128.0,UB,0,"[352, 357]",[]
1324,FREE,180.0,128.0,UB,0,"[354, 651]",[]
1325,FREE,181.0,128.0,UB,0,"[356, 653]",[]
1326,FREE,182.0,256.0,L0C,0,"[358, 371]",[]
1327,FREE,183.0,128.0,L0A,0,"[359, 363]",[]
1328,FREE,184.0,128.0,L0B,0,"[360, 363]",[]
1329,FREE,185.0,128.0,L0A,0,"[364, 368]",[]
1330,FREE,186.0,128.0,L0B,0,"[365, 368]",[]
1331,FREE,187.0,128.0,UB,0,"[369, 377]",[]
1332,FREE,188.0,128.0,UB,0,"[370, 375, 377]",[]
1333,FREE,189.0,2.0,UB,0,"[373, 392]",[]
1334,FREE,190.0,16.0,UB,0,"[374, 375]",[]
1335,FREE,191.0,128.0,UB,0,"[376, 379]",[]
1336,FREE,192.0,128.0,UB,0,"[378, 381, 403]",[]
1337,FREE,193.0,128.0,UB,0,"[380, 384]",[]
1338,FREE,194.0,2.0,UB,0,"[382, 396]",[]
1339,FREE,195.0,16.0,UB,0,"[383, 384]",[]
1340,FREE,196.0,2.0,UB,0,"[385, 388, 392, 688]",[]
1341,FREE,197.0,2.0,UB,0,"[387, 390]",[]
1342,FREE,198.0,2.0,UB,0,"[389, 398, 424, 426]",[]
1343,FREE,199.0,2.0,UB,0,"[391, 394]",[]
1344,FREE,200.0,2.0,UB,0,"[393, 396, 418, 422]",[]
1345,FREE,201.0,2.0,UB,0,"[395, 400]",[]
1346,FREE,202.0,2.0,UB,0,"[397, 400]",[]
1347,FREE,203.0,2.0,UB,0,"[399, 698]",[]
1348,FREE,204.0,256.0,L0C,0,"[401, 417]",[]
1349,FREE,205.0,256.0,L1,0,"[402, 406, 412]",[]
1350,FREE,206.0,128.0,L0A,0,"[404, 408]",[]
1351,FREE,207.0,128.0,L0B,0,"[405, 408]",[]
1352,FREE,208.0,256.0,L0C,0,"[409, 421]",[]
1353,FREE,209.0,128.0,L0A,0,"[410, 414]",[]
1354,FREE,210.0,128.0,L0B,0,"[411, 414]",[]
1355,FREE,211.0,128.0,UB,0,"[415, 418]",[]
1356,FREE,212.0,128.0,UB,0,"[416, 428]",[]
1357,FREE,213.0,128.0,UB,0,"[419, 422]",[]
1358,FREE,214.0,128.0,UB,0,"[420, 430]",[]
1359,FREE,215.0,128.0,UB,0,"[423, 428]",[]
1360,FREE,216.0,128.0,UB,0,"[425, 430]",[]
1361,FREE,217.0,128.0,UB,0,"[427, 724]",[]
1362,FREE,218.0,128.0,UB,0,"[429, 726]",[]
1363,FREE,219.0,256.0,L0C,0,"[431, 444]",[]
1364,FREE,220.0,128.0,L0A,0,"[432, 436]",[]
1365,FREE,221.0,128.0,L0B,0,"[433, 436]",[]
1366,FREE,222.0,128.0,L0A,0,"[437, 441]",[]
1367,FREE,223.0,128.0,L0B,0,"[438, 441]",[]
1368,FREE,224.0,128.0,UB,0,"[442, 450]",[]
1369,FREE,225.0,128.0,UB,0,"[443, 448, 450]",[]
1370,FREE,226.0,2.0,UB,0,"[446, 465]",[]
1371,FREE,227.0,16.0,UB,0,"[447, 448]",[]
1372,FREE,228.0,128.0,UB,0,"[449, 452]",[]
1373,FREE,229.0,128.0,UB,0,"[451, 454, 476]",[]
1374,FREE,230.0,128.0,UB,0,"[453, 457]",[]
1375,FREE,231.0,2.0,UB,0,"[455, 469]",[]
1376,FREE,232.0,16.0,UB,0,"[456, 457]",[]
1377,FREE,233.0,2.0,UB,0,"[458, 461, 465, 761]",[]
1378,FREE,234.0,2.0,UB,0,"[460, 463]",[]
1379,FREE,235.0,2.0,UB,0,"[462, 471, 497, 499]",[]
1380,FREE,236.0,2.0,UB,0,"[464, 467]",[]
1381,FREE,237.0,2.0,UB,0,"[466, 469, 491, 495]",[]
1382,FREE,238.0,2.0,UB,0,"[468, 473]",[]
1383,FREE,239.0,2.0,UB,0,"[470, 473]",[]
1384,FREE,240.0,2.0,UB,0,"[472, 771]",[]
1385,FREE,241.0,256.0,L0C,0,"[474, 490]",[]
1386,FREE,242.0,256.0,L1,0,"[475, 479, 485]",[]
1387,FREE,243.0,128.0,L0A,0,"[477, 481]",[]
1388,FREE,244.0,128.0,L0B,0,"[478, 481]",[]
1389,FREE,245.0,256.0,L0C,0,"[482, 494]",[]
1390,FREE,246.0,128.0,L0A,0,"[483, 487]",[]
1391,FREE,247.0,128.0,L0B,0,"[484, 487]",[]
1392,FREE,248.0,128.0,UB,0,"[488, 491]",[]
1393,FREE,249.0,128.0,UB,0,"[489, 501]",[]
1394,FREE,250.0,128.0,UB,0,"[492, 495]",[]
1395,FREE,251.0,128.0,UB,0,"[493, 503]",[]
1396,FREE,252.0,128.0,UB,0,"[496, 501]",[]
1397,FREE,253.0,128.0,UB,0,"[498, 503]",[]
1398,FREE,254.0,128.0,UB,0,"[500, 797]",[]
1399,FREE,255.0,128.0,UB,0,"[502, 799]",[]
1400,FREE,256.0,256.0,L0C,0,"[504, 521]",[]
1401,FREE,257.0,256.0,L1,0,"[505, 510, 589, 662, 735]",[]
1402,FREE,258.0,128.0,L0A,0,"[507, 511]",[]
1403,FREE,259.0,128.0,L0B,0,"[508, 511]",[]
1404,FREE,260.0,256.0,L1,0,"[512, 517, 594, 667, 740]",[]
1405,FREE,261.0,128.0,L0A,0,"[514, 518]",[]
1406,FREE,262.0,128.0,L0B,0,"[515, 518]",[]
1407,FREE,263.0,128.0,UB,0,"[519, 527]",[]
1408,FREE,264.0,128.0,UB,0,"[520, 525, 527]",[]
1409,FREE,265.0,2.0,UB,0,"[523, 542]",[]
1410,FREE,266.0,16.0,UB,0,"[524, 525]",[]
1411,FREE,267.0,128.0,UB,0,"[526, 529]",[]
1412,FREE,268.0,128.0,UB,0,"[528, 531, 554]",[]
1413,FREE,269.0,128.0,UB,0,"[530, 534]",[]
1414,FREE,270.0,2.0,UB,0,"[532, 546]",[]
1415,FREE,271.0,16.0,UB,0,"[533, 534]",[]
1416,FREE,272.0,2.0,UB,0,"[535, 538, 542, 838]",[]
1417,FREE,273.0,2.0,UB,0,"[537, 540]",[]
1418,FREE,274.0,2.0,UB,0,"[539, 548, 578, 580]",[]
1419,FREE,275.0,2.0,UB,0,"[541, 544]",[]
1420,FREE,276.0,2.0,UB,0,"[543, 546, 572, 576]",[]
1421,FREE,277.0,2.0,UB,0,"[545, 550]",[]
1422,FREE,278.0,2.0,UB,0,"[547, 550]",[]
1423,FREE,279.0,2.0,UB,0,"[549, 848]",[]
1424,FREE,280.0,256.0,L0C,0,"[551, 571]",[]
1425,FREE,281.0,256.0,L1,0,"[552, 558, 566]",[]
1426,FREE,282.0,256.0,L1,0,"[553, 559, 634, 707, 780]",[]
1427,FREE,283.0,128.0,L0A,0,"[556, 560]",[]
1428,FREE,284.0,128.0,L0B,0,"[557, 560]",[]
1429,FREE,285.0,256.0,L0C,0,"[561, 575]",[]
1430,FREE,286.0,256.0,L1,0,"[562, 567, 640, 713, 786]",[]
1431,FREE,287.0,128.0,L0A,0,"[564, 568]",[]
1432,FREE,288.0,128.0,L0B,0,"[565, 568]",[]
1433,FREE,289.0,128.0,UB,0,"[569, 572]",[]
1434,FREE,290.0,128.0,UB,0,"[570, 582]",[]
1435,FREE,291.0,128.0,UB,0,"[573, 576]",[]
1436,FREE,292.0,128.0,UB,0,"[574, 584]",[]
1437,FREE,293.0,128.0,UB,0,"[577, 582]",[]
1438,FREE,294.0,128.0,UB,0,"[579, 584]",[]
1439,FREE,295.0,128.0,UB,0,"[581, 878]",[]
1440,FREE,296.0,128.0,UB,0,"[583, 880]",[]
1441,FREE,297.0,256.0,L0C,0,"[585, 598]",[]
1442,FREE,298.0,128.0,L0A,0,"[586, 590]",[]
1443,FREE,299.0,128.0,L0B,0,"[587, 590]",[]
1444,FREE,300.0,128.0,L0A,0,"[591, 595]",[]
1445,FREE,301.0,128.0,L0B,0,"[592, 595]",[]
1446,FREE,302.0,128.0,UB,0,"[596, 604]",[]
1447,FREE,303.0,128.0,UB,0,"[597, 602, 604]",[]
1448,FREE,304.0,2.0,UB,0,"[600, 619]",[]
1449,FREE,305.0,16.0,UB,0,"[601, 602]",[]
1450,FREE,306.0,128.0,UB,0,"[603, 606]",[]
1451,FREE,307.0,128.0,UB,0,"[605, 608, 630]",[]
1452,FREE,308.0,128.0,UB,0,"[607, 611]",[]
1453,FREE,309.0,2.0,UB,0,"[609, 623]",[]
1454,FREE,310.0,16.0,UB,0,"[610, 611]",[]
1455,FREE,311.0,2.0,UB,0,"[612, 615, 619, 925]",[]
1456,FREE,312.0,2.0,UB,0,"[614, 617]",[]
1457,FREE,313.0,2.0,UB,0,"[616, 625, 651, 653]",[]
1458,FREE,314.0,2.0,UB,0,"[618, 621]",[]
1459,FREE,315.0,2.0,UB,0,"[620, 623, 645, 649]",[]
1460,FREE,316.0,2.0,UB,0,"[622, 627]",[]
1461,FREE,317.0,2.0,UB,0,"[624, 627]",[]
1462,FREE,318.0,2.0,UB,0,"[626, 935]",[]
1463,FREE,319.0,256.0,L0C,0,"[628, 644]",[]
1464,FREE,320.0,256.0,L1,0,"[629, 633, 639]",[]
1465,FREE,321.0,128.0,L0A,0,"[631, 635]",[]
1466,FREE,322.0,128.0,L0B,0,"[632, 635]",[]
1467,FREE,323.0,256.0,L0C,0,"[636, 648]",[]
1468,FREE,324.0,128.0,L0A,0,"[637, 641]",[]
1469,FREE,325.0,128.0,L0B,0,"[638, 641]",[]
1470,FREE,326.0,128.0,UB,0,"[642, 645]",[]
1471,FREE,327.0,128.0,UB,0,"[643, 655]",[]
1472,FREE,328.0,128.0,UB,0,"[646, 649]",[]
1473,FREE,329.0,128.0,UB,0,"[647, 657]",[]
1474,FREE,330.0,128.0,UB,0,"[650, 655]",[]
1475,FREE,331.0,128.0,UB,0,"[652, 657]",[]
1476,FREE,332.0,128.0,UB,0,"[654, 961]",[]
1477,FREE,333.0,128.0,UB,0,"[656, 963]",[]
1478,FREE,334.0,256.0,L0C,0,"[658, 671]",[]
1479,FREE,335.0,128.0,L0A,0,"[659, 663]",[]
1480,FREE,336.0,128.0,L0B,0,"[660, 663]",[]
1481,FREE,337.0,128.0,L0A,0,"[664, 668]",[]
1482,FREE,338.0,128.0,L0B,0,"[665, 668]",[]
1483,FREE,339.0,128.0,UB,0,"[669, 677]",[]
1484,FREE,340.0,128.0,UB,0,"[670, 675, 677]",[]
1485,FREE,341.0,2.0,UB,0,"[673, 692]",[]
1486,FREE,342.0,16.0,UB,0,"[674, 675]",[]
1487,FREE,343.0,128.0,UB,0,"[676, 679]",[]
1488,FREE,344.0,128.0,UB,0,"[678, 681, 703]",[]
1489,FREE,345.0,128.0,UB,0,"[680, 684]",[]
1490,FREE,346.0,2.0,UB,0,"[682, 696]",[]
1491,FREE,347.0,16.0,UB,0,"[683, 684]",[]
1492,FREE,348.0,2.0,UB,0,"[685, 688, 692, 1008]",[]
1493,FREE,349.0,2.0,UB,0,"[687, 690]",[]
1494,FREE,350.0,2.0,UB,0,"[689, 698, 724, 726]",[]
1495,FREE,351.0,2.0,UB,0,"[691, 694]",[]
1496,FREE,352.0,2.0,UB,0,"[693, 696, 718, 722]",[]
1497,FREE,353.0,2.0,UB,0,"[695, 700]",[]
1498,FREE,354.0,2.0,UB,0,"[697, 700]",[]
1499,FREE,355.0,2.0,UB,0,"[699, 1018]",[]
1500,FREE,356.0,256.0,L0C,0,"[701, 717]",[]
1501,FREE,357.0,256.0,L1,0,"[702, 706, 712]",[]
1502,FREE,358.0,128.0,L0A,0,"[704, 708]",[]
1503,FREE,359.0,128.0,L0B,0,"[705, 708]",[]
1504,FREE,360.0,256.0,L0C,0,"[709, 721]",[]
1505,FREE,361.0,128.0,L0A,0,"[710, 714]",[]
1506,FREE,362.0,128.0,L0B,0,"[711, 714]",[]
1507,FREE,363.0,128.0,UB,0,"[715, 718]",[]
1508,FREE,364.0,128.0,UB,0,"[716, 728]",[]
1509,FREE,365.0,128.0,UB,0,"[719, 722]",[]
1510,FREE,366.0,128.0,UB,0,"[720, 730]",[]
1511,FREE,367.0,128.0,UB,0,"[723, 728]",[]
1512,FREE,368.0,128.0,UB,0,"[725, 730]",[]
1513,FREE,369.0,128.0,UB,0,"[727, 1044]",[]
1514,FREE,370.0,128.0,UB,0,"[729, 1046]",[]
1515,FREE,371.0,256.0,L0C,0,"[731, 744]",[]
1516,FREE,372.0,128.0,L0A,0,"[732, 736]",[]
1517,FREE,373.0,128.0,L0B,0,"[733, 736]",[]
1518,FREE,374.0,128.0,L0A,0,"[737, 741]",[]
1519,FREE,375.0,128.0,L0B,0,"[738, 741]",[]
1520,FREE,376.0,128.0,UB,0,"[742, 750]",[]
1521,FREE,377.0,128.0,UB,0,"[743, 748, 750]",[]
1522,FREE,378.0,2.0,UB,0,"[746, 765]",[]
1523,FREE,379.0,16.0,UB,0,"[747, 748]",[]
1524,FREE,380.0,128.0,UB,0,"[749, 752]",[]
1525,FREE,381.0,128.0,UB,0,"[751, 754, 776]",[]
1526,FREE,382.0,128.0,UB,0,"[753, 757]",[]
1527,FREE,383.0,2.0,UB,0,"[755, 769]",[]
1528,FREE,384.0,16.0,UB,0,"[756, 757]",[]
1529,FREE,385.0,2.0,UB,0,"[758, 761, 765, 1091]",[]
1530,FREE,386.0,2.0,UB,0,"[760, 763]",[]
1531,FREE,387.0,2.0,UB,0,"[762, 771, 797, 799]",[]
1532,FREE,388.0,2.0,UB,0,"[764, 767]",[]
1533,FREE,389.0,2.0,UB,0,"[766, 769, 791, 795]",[]
1534,FREE,390.0,2.0,UB,0,"[768, 773]",[]
1535,FREE,391.0,2.0,UB,0,"[770, 773]",[]
1536,FREE,392.0,2.0,UB,0,"[772, 1101]",[]
1537,FREE,393.0,256.0,L0C,0,"[774, 790]",[]
1538,FREE,394.0,256.0,L1,0,"[775, 779, 785]",[]
1539,FREE,395.0,128.0,L0A,0,"[777, 781]",[]
1540,FREE,396.0,128.0,L0B,0,"[778, 781]",[]
1541,FREE,397.0,256.0,L0C,0,"[782, 794]",[]
1542,FREE,398.0,128.0,L0A,0,"[783, 787]",[]
1543,FREE,399.0,128.0,L0B,0,"[784, 787]",[]
1544,FREE,400.0,128.0,UB,0,"[788, 791]",[]
1545,FREE,401.0,128.0,UB,0,"[789, 801]",[]
1546,FREE,402.0,128.0,UB,0,"[792, 795]",[]
1547,FREE,403.0,128.0,UB,0,"[793, 803]",[]
1548,FREE,404.0,128.0,UB,0,"[796, 801]",[]
1549,FREE,405.0,128.0,UB,0,"[798, 803]",[]
1550,FREE,406.0,128.0,UB,0,"[800, 1127]",[]
1551,FREE,407.0,128.0,UB,0,"[802, 1129]",[]
1552,FREE,408.0,256.0,L0C,0,"[804, 821]",[]
1553,FREE,409.0,256.0,L1,0,"[805, 810, 899, 982, 1065]",[]
1554,FREE,410.0,128.0,L0A,0,"[807, 811]",[]
1555,FREE,411.0,128.0,L0B,0,"[808, 811]",[]
1556,FREE,412.0,256.0,L1,0,"[812, 817, 904, 987, 1070]",[]
1557,FREE,413.0,128.0,L0A,0,"[814, 818]",[]
1558,FREE,414.0,128.0,L0B,0,"[815, 818]",[]
1559,FREE,415.0,128.0,UB,0,"[819, 827]",[]
1560,FREE,416.0,128.0,UB,0,"[820, 825, 827]",[]
1561,FREE,417.0,2.0,UB,0,"[823, 842]",[]
1562,FREE,418.0,16.0,UB,0,"[824, 825]",[]
1563,FREE,419.0,128.0,UB,0,"[826, 829]",[]
1564,FREE,420.0,128.0,UB,0,"[828, 831, 854]",[]
1565,FREE,421.0,128.0,UB,0,"[830, 834]",[]
1566,FREE,422.0,2.0,UB,0,"[832, 846]",[]
1567,FREE,423.0,16.0,UB,0,"[833, 834]",[]
1568,FREE,424.0,2.0,UB,0,"[835, 838, 842, 894]",[]
1569,FREE,425.0,2.0,UB,0,"[837, 840]",[]
1570,FREE,426.0,2.0,UB,0,"[839, 848, 878, 880]",[]
1571,FREE,427.0,2.0,UB,0,"[841, 844]",[]
1572,FREE,428.0,2.0,UB,0,"[843, 846, 872, 876]",[]
1573,FREE,429.0,2.0,UB,0,"[845, 850]",[]
1574,FREE,430.0,2.0,UB,0,"[847, 850]",[]
1575,FREE,431.0,2.0,UB,0,"[849, 886, 893]",[]
1576,FREE,432.0,256.0,L0C,0,"[851, 871]",[]
1577,FREE,433.0,256.0,L1,0,"[852, 858, 866]",[]
1578,FREE,434.0,256.0,L1,0,"[853, 859, 944, 1027, 1110]",[]
1579,FREE,435.0,128.0,L0A,0,"[856, 860]",[]
1580,FREE,436.0,128.0,L0B,0,"[857, 860]",[]
1581,FREE,437.0,256.0,L0C,0,"[861, 875]",[]
1582,FREE,438.0,256.0,L1,0,"[862, 867, 950, 1033, 1116]",[]
1583,FREE,439.0,128.0,L0A,0,"[864, 868]",[]
1584,FREE,440.0,128.0,L0B,0,"[865, 868]",[]
1585,FREE,441.0,128.0,UB,0,"[869, 872]",[]
1586,FREE,442.0,128.0,UB,0,"[870, 882]",[]
1587,FREE,443.0,128.0,UB,0,"[873, 876]",[]
1588,FREE,444.0,128.0,UB,0,"[874, 884]",[]
1589,FREE,445.0,128.0,UB,0,"[877, 882]",[]
1590,FREE,446.0,128.0,UB,0,"[879, 884]",[]
1591,FREE,447.0,128.0,UB,0,"[881, 888]",[]
1592,FREE,448.0,128.0,UB,0,"[883, 890]",[]
1593,FREE,449.0,2.0,UB,0,"[885, 888, 890]",[]
1594,FREE,450.0,128.0,UB,0,"[887, 891]",[]
1595,FREE,451.0,128.0,UB,0,"[889, 892]",[]
1596,FREE,452.0,256.0,L0C,0,"[895, 908]",[]
1597,FREE,453.0,128.0,L0A,0,"[896, 900]",[]
1598,FREE,454.0,128.0,L0B,0,"[897, 900]",[]
1599,FREE,455.0,128.0,L0A,0,"[901, 905]",[]
1600,FREE,456.0,128.0,L0B,0,"[902, 905]",[]
1601,FREE,457.0,128.0,UB,0,"[906, 914]",[]
1602,FREE,458.0,128.0,UB,0,"[907, 912, 914]",[]
1603,FREE,459.0,2.0,UB,0,"[910, 929]",[]
1604,FREE,460.0,16.0,UB,0,"[911, 912]",[]
1605,FREE,461.0,128.0,UB,0,"[913, 916]",[]
1606,FREE,462.0,128.0,UB,0,"[915, 918, 940]",[]
1607,FREE,463.0,128.0,UB,0,"[917, 921]",[]
1608,FREE,464.0,2.0,UB,0,"[919, 933]",[]
1609,FREE,465.0,16.0,UB,0,"[920, 921]",[]
1610,FREE,466.0,2.0,UB,0,"[922, 925, 929, 977]",[]
1611,FREE,467.0,2.0,UB,0,"[924, 927]",[]
1612,FREE,468.0,2.0,UB,0,"[926, 935, 961, 963]",[]
1613,FREE,469.0,2.0,UB,0,"[928, 931]",[]
1614,FREE,470.0,2.0,UB,0,"[930, 933, 955, 959]",[]
1615,FREE,471.0,2.0,UB,0,"[932, 937]",[]
1616,FREE,472.0,2.0,UB,0,"[934, 937]",[]
1617,FREE,473.0,2.0,UB,0,"[936, 969, 976]",[]
1618,FREE,474.0,256.0,L0C,0,"[938, 954]",[]
1619,FREE,475.0,256.0,L1,0,"[939, 943, 949]",[]
1620,FREE,476.0,128.0,L0A,0,"[941, 945]",[]
1621,FREE,477.0,128.0,L0B,0,"[942, 945]",[]
1622,FREE,478.0,256.0,L0C,0,"[946, 958]",[]
1623,FREE,479.0,128.0,L0A,0,"[947, 951]",[]
1624,FREE,480.0,128.0,L0B,0,"[948, 951]",[]
1625,FREE,481.0,128.0,UB,0,"[952, 955]",[]
1626,FREE,482.0,128.0,UB,0,"[953, 965]",[]
1627,FREE,483.0,128.0,UB,0,"[956, 959]",[]
1628,FREE,484.0,128.0,UB,0,"[957, 967]",[]
1629,FREE,485.0,128.0,UB,0,"[960, 965]",[]
1630,FREE,486.0,128.0,UB,0,"[962, 967]",[]
1631,FREE,487.0,128.0,UB,0,"[964, 971]",[]
1632,FREE,488.0,128.0,UB,0,"[966, 973]",[]
1633,FREE,489.0,2.0,UB,0,"[968, 971, 973]",[]
1634,FREE,490.0,128.0,UB,0,"[970, 974]",[]
1635,FREE,491.0,128.0,UB,0,"[972, 975]",[]
1636,FREE,492.0,256.0,L0C,0,"[978, 991]",[]
1637,FREE,493.0,128.0,L0A,0,"[979, 983]",[]
1638,FREE,494.0,128.0,L0B,0,"[980, 983]",[]
1639,FREE,495.0,128.0,L0A,0,"[984, 988]",[]
1640,FREE,496.0,128.0,L0B,0,"[985, 988]",[]
1641,FREE,497.0,128.0,UB,0,"[989, 997]",[]
1642,FREE,498.0,128.0,UB,0,"[990, 995, 997]",[]
1643,FREE,499.0,2.0,UB,0,"[993, 1012]",[]
1644,FREE,500.0,16.0,UB,0,"[994, 995]",[]
1645,FREE,501.0,128.0,UB,0,"[996, 999]",[]
1646,FREE,502.0,128.0,UB,0,"[998, 1001, 1023]",[]
1647,FREE,503.0,128.0,UB,0,"[1000, 1004]",[]
1648,FREE,504.0,2.0,UB,0,"[1002, 1016]",[]
1649,FREE,505.0,16.0,UB,0,"[1003, 1004]",[]
1650,FREE,506.0,2.0,UB,0,"[1005, 1008, 1012, 1060]",[]
1651,FREE,507.0,2.0,UB,0,"[1007, 1010]",[]
1652,FREE,508.0,2.0,UB,0,"[1009, 1018, 1044, 1046]",[]
1653,FREE,509.0,2.0,UB,0,"[1011, 1014]",[]
1654,FREE,510.0,2.0,UB,0,"[1013, 1016, 1038, 1042]",[]
1655,FREE,511.0,2.0,UB,0,"[1015, 1020]",[]
1656,FREE,512.0,2.0,UB,0,"[1017, 1020]",[]
1657,FREE,513.0,2.0,UB,0,"[1019, 1052, 1059]",[]
1658,FREE,514.0,256.0,L0C,0,"[1021, 1037]",[]
1659,FREE,515.0,256.0,L1,0,"[1022, 1026, 1032]",[]
1660,FREE,516.0,128.0,L0A,0,"[1024, 1028]",[]
1661,FREE,517.0,128.0,L0B,0,"[1025, 1028]",[]
1662,FREE,518.0,256.0,L0C,0,"[1029, 1041]",[]
1663,FREE,519.0,128.0,L0A,0,"[1030, 1034]",[]
1664,FREE,520.0,128.0,L0B,0,"[1031, 1034]",[]
1665,FREE,521.0,128.0,UB,0,"[1035, 1038]",[]
1666,FREE,522.0,128.0,UB,0,"[1036, 1048]",[]
1667,FREE,523.0,128.0,UB,0,"[1039, 1042]",[]
1668,FREE,524.0,128.0,UB,0,"[1040, 1050]",[]
1669,FREE,525.0,128.0,UB,0,"[1043, 1048]",[]
1670,FREE,526.0,128.0,UB,0,"[1045, 1050]",[]
1671,FREE,527.0,128.0,UB,0,"[1047, 1054]",[]
1672,FREE,528.0,128.0,UB,0,"[1049, 1056]",[]
1673,FREE,529.0,2.0,UB,0,"[1051, 1054, 1056]",[]
1674,FREE,530.0,128.0,UB,0,"[1053, 1057]",[]
1675,FREE,531.0,128.0,UB,0,"[1055, 1058]",[]
1676,FREE,532.0,256.0,L0C,0,"[1061, 1074]",[]
1677,FREE,533.0,128.0,L0A,0,"[1062, 1066]",[]
1678,FREE,534.0,128.0,L0B,0,"[1063, 1066]",[]
1679,FREE,535.0,128.0,L0A,0,"[1067, 1071]",[]
1680,FREE,536.0,128.0,L0B,0,"[1068, 1071]",[]
1681,FREE,537.0,128.0,UB,0,"[1072, 1080]",[]
1682,FREE,538.0,128.0,UB,0,"[1073, 1078, 1080]",[]
1683,FREE,539.0,2.0,UB,0,"[1076, 1095]",[]
1684,FREE,540.0,16.0,UB,0,"[1077, 1078]",[]
1685,FREE,541.0,128.0,UB,0,"[1079, 1082]",[]
1686,FREE,542.0,128.0,UB,0,"[1081, 1084, 1106]",[]
1687,FREE,543.0,128.0,UB,0,"[1083, 1087]",[]
1688,FREE,544.0,2.0,UB,0,"[1085, 1099]",[]
1689,FREE,545.0,16.0,UB,0,"[1086, 1087]",[]
1690,FREE,546.0,2.0,UB,0,"[1088, 1091, 1095, 1143]",[]
1691,FREE,547.0,2.0,UB,0,"[1090, 1093]",[]
1692,FREE,548.0,2.0,UB,0,"[1092, 1101, 1127, 1129]",[]
1693,FREE,549.0,2.0,UB,0,"[1094, 1097]",[]
1694,FREE,550.0,2.0,UB,0,"[1096, 1099, 1121, 1125]",[]
1695,FREE,551.0,2.0,UB,0,"[1098, 1103]",[]
1696,FREE,552.0,2.0,UB,0,"[1100, 1103]",[]
1697,FREE,553.0,2.0,UB,0,"[1102, 1135, 1142]",[]
1698,FREE,554.0,256.0,L0C,0,"[1104, 1120]",[]
1699,FREE,555.0,256.0,L1,0,"[1105, 1109, 1115]",[]
1700,FREE,556.0,128.0,L0A,0,"[1107, 1111]",[]
1701,FREE,557.0,128.0,L0B,0,"[1108, 1111]",[]
1702,FREE,558.0,256.0,L0C,0,"[1112, 1124]",[]
1703,FREE,559.0,128.0,L0A,0,"[1113, 1117]",[]
1704,FREE,560.0,128.0,L0B,0,"[1114, 1117]",[]
1705,FREE,561.0,128.0,UB,0,"[1118, 1121]",[]
1706,FREE,562.0,128.0,UB,0,"[1119, 1131]",[]
1707,FREE,563.0,128.0,UB,0,"[1122, 1125]",[]
1708,FREE,564.0,128.0,UB,0,"[1123, 1133]",[]
1709,FREE,565.0,128.0,UB,0,"[1126, 1131]",[]
1710,FREE,566.0,128.0,UB,0,"[1128, 1133]",[]
1711,FREE,567.0,128.0,UB,0,"[1130, 1137]",[]
1712,FREE,568.0,128.0,UB,0,"[1132, 1139]",[]
1713,FREE,569.0,2.0,UB,0,"[1134, 1137, 1139]",[]
1714,FREE,570.0,128.0,UB,0,"[1136, 1140]",[]
1715,FREE,571.0,128.0,UB,0,"[1138, 1141]",[]
